age,income,loan_amount,credit_score,employment_years,default
0.5488132985320106,0.7784582839388968,0.06305809746725448,0.3922685528723891,1.2232535831020028,0
-1.3835258371116763,0.8253870408326502,0.5696641883651007,0.5457442626618034,0.5344237213328279,0
-0.05733911679984588,-0.4154431877335728,-0.32124555699967416,0.8346092417839155,0.26558133829924,1
1.0517039953002474,-0.6573539670853642,-0.7475382999962843,0.4144263808192027,-0.12705428393157023,1
-0.6309989490745591,-1.180377648017622,0.998518261454339,-0.966972303039581,0.8812785407532056,1
-2.1482935974413064,0.034364313307869536,1.0612338218341066,-0.40929167561583163,-0.18639802179922677,0
0.5907440095838163,0.619554675676723,-1.0426410274594413,1.6211802561978546,-0.05419483217642506,1
-1.743453217101138,-0.025103146147642405,1.975843963923637,-1.5896214377186142,1.198333713163008,0
1.6463328634320935,1.4086959305739557,0.19074041060201938,1.3062923256465337,-1.3618191280839653,1
-0.06188795491092281,0.03401766494782741,0.3217720918248616,-0.36902328535069434,0.4866771072927328,1
-0.42085339305300434,0.4218134471760319,0.6767556525239945,-0.4295626016322136,0.7021020212270009,1
2.547078067659989,0.7133827394843363,-1.7145919078250724,0.7689314416192968,-0.7694548850245833,1
-0.11962533176065968,0.6825438863836053,0.25649837009471005,0.38497395466435963,0.9718998796716249,0
0.26845499363792835,0.5664547946218036,-1.043984449098784,1.0883910219306001,0.22519486945767514,1
0.6224983041263793,1.2373998010455804,-1.1549857384883218,0.6262049179314816,-1.7912319717046283,1
-1.2346698615350264,-1.0934981883007187,1.1248597207698985,-1.0287953339000935,0.41603799576871625,0
1.7818621108788388,-0.04806045594320813,-1.5525912330449352,2.027894531000129,0.6239070872148491,1
1.387885741306105,-0.32099124891155134,-1.0022058355120729,-0.10801333762426321,-1.2009826147824327,1
2.222944306142796,-0.19619272011421438,-2.376946022187463,2.1561927397636667,-0.9159363998809555,1
-1.3075143838356664,0.751908825943999,1.1643534889080438,-1.0885935586592754,0.035966972122062714,0
-1.6127198108067455,-0.7082281603721987,1.7611855639988487,-1.6845589842650726,0.7528454839042156,1
-0.24170622124592173,-1.3953490467696599,-0.45199898730744764,0.006219902560000431,-1.2716926509207684,0
-0.5466653729525421,-1.311472348987442,-0.3927598606539484,-0.02795364760434776,-1.5302674938169059,0
1.1728167823514484,1.33492410372118,-1.6498837202150505,1.4921994014818813,-1.3336285400594137,1
0.5122057991513908,-0.07132191976451349,-0.038479578707090005,0.7235759429647853,1.5017531840190448,0
-0.040571715320733545,-0.9870434400546343,0.41922901223683967,-0.46329655944928455,0.22519486945767514,1
-1.4526564295802564,-0.36923363709053353,0.19074041060201938,-1.0009731189152742,0.7320994515954234,1
1.1311992285141717,0.9977797916019369,-1.3405428722871955,0.70513339286465,-1.550563502698249,1
0.5428763302914669,1.6595499653797927,0.793307501418329,-1.2270257908070985,0.8545707908349662,0
0.45041932089056214,0.03401766494782741,-0.8332166053953778,0.24419822735080227,-1.1962284434712738,0
-1.3573747131607292,-0.6535264655010021,1.6530634888904638,-1.3547454238659549,1.1984891807136342,1
1.6995657096417107,0.4048637376607747,0.10364767378618013,-0.665692086394353,1.3123265851035415,0
-0.4587686789302869,-1.0287129206150356,0.8816392714977503,-0.6857360183076139,1.1216339232784864,1
0.9408382780324674,-0.25749996507221856,-0.8473299300040436,1.5995042129404806,0.22519486945767514,1
-0.1356334413555706,0.6297564693123802,0.7607274167664947,-0.8109817957920773,0.7118789211425396,0
2.3969893478272772,-0.5568430347245537,-2.1865696829297327,1.5900839662024557,-0.8988710259294347,1
0.23426185688941495,2.726417223288779,0.5597181408135786,-0.634662354739062,0.8216081009458959,0
0.3502840511294811,-1.0966593038272119,-1.0501130895014135,-0.09496504553560688,-1.7649749908769468,0
1.4145918046858381,1.4144375606162682,-1.1756356321329517,-0.09496504553560688,-1.8529324595004804,1
1.6325635557640017,1.1109060617462787,0.19074041060201938,1.363971532817054,-1.229250728173842,1
-1.18190529522606,-0.7455714646212069,0.9526016079023908,-0.8495791673423232,0.19007486351945793,1
1.9935110937387965,1.3349281065284386,-0.13410789097382111,0.044960695193338854,0.22519486945767514,0
0.5183974845802567,0.03401766494782741,-0.5863672789083715,-0.07616075163435851,-1.1161065323340085,1
-0.12130201207802861,0.6136165966424881,0.9007618435690806,-1.1416052491181221,0.6641503072648128,0
-1.7441746428136748,0.3226491231485162,0.9944976436713474,-0.2543687022041165,0.2688364333731138,0
0.9647102593002554,0.10354232623502657,-0.5654876137146794,0.6306862483780397,0.4327801631565213,1
0.508968904616639,-0.9307251096665965,-0.6353603676086118,0.07693846959087942,-0.873130180763058,0
-0.786025609556153,0.03401766494782741,1.878834697544499,-2.248140805804087,1.3896827743837665,1
-1.594028283485271,0.46676511789697794,1.1372158860692276,-0.35493047168972197,0.6750767586882346,1
1.253751535145672,1.973640121578302,0.47404266789364446,-0.20105894040884623,2.164228525115748,0
0.40596707641924945,0.9124754191504096,-1.037418345999945,0.5893270915902161,0.22519486945767514,1
-0.4656081638177264,-0.2878567884429081,0.00831072903043452,-0.3253826570135055,-0.9186334105685996,0
-0.7181077320163852,-1.0089948562181952,0.9705080617282661,-0.9990118186789555,0.22519486945767514,1
-1.3019703068377455,-0.25217286850244197,1.1667217031662112,-1.3693006134273775,-0.15984731493366078,0
-1.9474047623667465,0.1418241913686032,1.231395103526668,-1.096228574488167,-0.43950888061129645,0
-0.6205125559773103,-0.3300798566353556,0.46965839951941096,-0.19635714725799738,0.347660913519029,1
0.003270728017316575,0.03401766494782741,0.45865485519940324,-0.24666476553741692,0.7785130614639453,0
-0.6829646527678437,0.34825524256785756,-0.21488441416144652,1.0338830357126194,-0.04141450974713617,1
1.255956444632626,0.17133170967236835,-0.46382518029588143,-0.20431272679255977,-0.0969427243260148,1
-0.10172991011930475,-0.08378551636099008,0.9478483126695589,-0.6294454456493203,-0.009323603544941942,0
-0.9716896548031981,-1.503037590883886,0.1386567397217816,-0.37940765680425664,-1.0207595328123418,0
-0.6966004294853305,-2.746070329126343,0.9476871606193799,-0.9466900277482823,0.6582907428982462,1
0.8033389667794286,1.10364891405051,-0.1704099642555543,0.9466655572794823,1.583817167286822,0
1.1990619693231521,0.46230024066301617,-1.326168528749834,0.6239883363826344,-1.4488101231373598,1
0.49112248167511735,-0.49610452383834586,-0.46869653361173036,-0.03578333965782485,-0.6665239885553969,0
1.2732698690216722,2.3410460226449192,-2.0536522519319638,2.036276774952252,-1.754455650082492,1
0.05716280956450145,0.03401766494782741,-0.7485566191245386,0.16061054140860254,-1.6738510908465982,0
-0.28840990922066495,1.385406273190756,0.42776184265873174,0.3563358179773738,1.0812469991804172,1
-1.4108686493088114,-0.2922597558500345,1.0901208897121237,-1.1353241504620772,-0.1719216027366633,0
-0.8549353030131768,0.34898748942422986,0.6569994265111557,-0.16411198061475654,0.5109548194612838,0
0.6600302612006517,0.03401766494782741,-1.1079116262146316,-0.09496504553560688,0.3802692729016475,1
-0.14440196587500145,-0.9188341359489679,0.4670333543436171,-0.24481240187577977,0.9383776896351929,1
-1.1436716679713934,0.2092395614438229,1.1815097037222893,-1.326201091840827,0.04614980159468824,0
-0.8664907111885771,0.1322238380126428,0.902819523476837,-0.4071607171137628,0.8773420311233705,1
-0.47112678530133506,0.8045250194243911,0.28224386956055003,0.5328596151451566,0.8085685138068801,0
-1.858890468168005,-0.37632639751503794,1.0294076278326028,-0.6913095894434983,-0.24602705973166822,0
-0.10172991011930475,-0.26588679940663473,0.49186043537937596,-0.41235836723775393,0.8987205054461995,1
-0.08707965043882357,-0.115756141605778,-0.05365456574754171,-0.09496504553560688,-0.6617676691611104,0
-0.905189601200428,-0.41658373111968416,1.0773697583105262,-1.0148275416309374,0.5759294192205583,0
-0.614865415869426,1.0341684663378392,0.08199088668654818,0.9164046862443651,0.5735962868835267,1
-0.3081541795687096,-0.11317787685963605,0.5764105766362196,-0.6751615451062765,0.3173798816343239,0
1.6925361685712448,0.7712838235230814,-1.3992369617412799,0.5505101141009971,-1.2210648567273619,1
-0.5349793542263216,-0.08253254696425136,0.6944524686057902,-0.7938142752015525,0.20616465787310606,0
0.11997179053180901,-0.6411934841336505,-0.7991939832932498,0.21860731947343282,-1.6383435476376504,0
-0.14182150878829924,-0.8991647904881046,-0.2519403864351906,-0.18538408734423353,-0.9530125026422889,0
1.4701627662932006,0.05262908130813022,-1.794029978825742,-0.09496504553560688,0.2493603875910079,1
1.9025464080509946,1.8290684415357148,0.18382263988134337,-0.5841844799416865,1.6355004495320349,0
0.3262333312789267,0.700246296117557,0.3190275666472382,-0.14433954487916176,0.9434689807618698,0
0.6047384188385638,0.6947712676512732,-0.06113001855334755,1.0719656052633793,1.8914614444057305,0
-0.9316434054312166,0.5934585386472057,0.7198348223327263,-0.4116530844973218,0.21222136660950794,0
-0.6014916568003771,0.03401766494782741,-0.9072471560750377,0.3071360590937988,-2.5820559409059713,0
-1.7930893254883429,0.15070417056422952,0.9926827480316279,-0.7770804954081912,-0.4778863287946377,0
-0.5130611434527408,-0.2813355776639651,0.4374180462820958,-0.2104442796231333,0.3582908215937616,1
-0.7301220071411927,0.03401766494782741,0.7150066461440105,-0.13227146350739957,0.8246834551885681,0
-0.14212959919184634,1.2734180047798933,-0.2469650275257372,-0.09496504553560688,-0.3434048438894276,1
-0.21077109411304518,0.3116056093132843,0.5948997996635352,-1.0397047215480286,-0.08873481191215904,1
-0.10172991011930475,2.726417223288779,-2.2366062071080846,3.058239637700542,-1.2072088087331485,1
0.5853195060392278,-0.44538905745752577,0.19074041060201938,-0.09496504553560688,0.7177492081593739,1
-0.42523128987053616,-0.3276617668654448,1.2922803032880075,-1.4945231062354694,1.0611104309721273,1
-0.6246270368660721,-0.27121202149914997,1.5317699864728538,-1.3408254652780207,1.6828869945572655,0
0.8090883655540734,0.03401766494782741,-0.9075186662155328,1.2350633464901843,0.08103479742131557,1
-0.10172991011930475,-1.412761830040127,1.795785223466279,-2.2862553662957694,1.3511556152195385,1
1.024279620216389,-0.8021155936963852,-1.1811441751247715,0.6787978806468423,-0.9625734751748698,1
1.9165026178624638,-0.07962516823157972,-1.2684408037684554,0.4824573807046002,-0.5430639147077673,1
-0.3293302109762752,-0.8475745482012192,-0.1988762065584526,-0.1906456011080985,-1.0448472536851714,0
1.7628978539919629,0.5019734062460767,-1.287531121371973,-0.09496504553560688,-0.30359345076693417,1
-0.3797555939615465,0.8511227835827234,-0.3971728430351429,1.3152724568073568,0.11321930657260727,1
-1.2550716155529713,1.4451359317771248,1.5937050124172176,-1.9304407432830328,0.0052800756814702044,0
-0.6194998940164854,-1.2303944179997428,0.8986534971984772,-1.033765768950488,0.5383796071599921,1
-0.08970820246813584,1.0275564413198124,0.08896520001265266,-0.09496504553560688,1.2386808244537566,0
-0.3301690914884997,-1.3988831037338765,0.7251236131170522,-0.7172780755093753,0.8653017750563965,1
2.683996963271223,-0.24331341571333373,-2.698267175608941,2.8122283573873057,-0.349144280752472,1
-0.1385309914539671,1.1304109210776616,0.026060834602106682,0.49821401757347794,0.3943023409991805,1
-0.09562727496155517,-1.541164682596242,0.4124534690548322,-0.35402089734031483,0.8052324134892035,1
1.3191500644562983,0.9207288605875417,0.03428557215670968,0.2300516861099551,1.8069508866725938,0
-0.7463497973984691,0.9516215329516737,0.7564771257370886,-0.3070614990155325,0.6119504526324584,1
-0.20502693753952592,-0.9444338725419998,-0.06673647329174433,-0.24771267706839897,-0.5968228119154096,0
0.4460723422696564,-0.17632134414723388,-0.14135508539456684,-0.3063431130507223,-0.24688091816994362,0
0.706766213689552,0.7359128015227175,0.09720992942010226,0.17714602812306898,1.216881345683304,0
0.9672775781052589,-1.2107559878456697,-1.0540544064129043,1.4279553405345102,0.4130170072912606,1
-0.1582518518626989,-1.1609102983458586,0.4654578119870223,-0.2835075667532233,0.9069444763866823,1
-0.1197463895983987,0.32804801841569387,0.5605865842353455,-0.7325819227372785,0.34115093795914336,0
-0.9525782299137244,-0.3059996342689807,0.19074041060201938,-0.5213163446568773,0.7877420079712414,1
1.2686206612706334,2.726417223288779,-1.5545848685624388,1.2596840894800998,-1.5710069962952549,1
-0.8345833474557632,0.35742060724698926,1.6950133856392986,-1.3962830753985633,1.6979299507620207,0
0.11233233413525147,1.2941578070446642,0.8512401784906144,-0.9840207395846613,0.9009028176569118,0
0.43575749459352386,1.1282819327830225,0.2555789678147068,-0.03927270388305879,0.9677475185228941,0
0.8403837959130137,2.6404106716284548,-1.4221219430384977,1.325459272740925,-1.555762598508823,1
-0.31857633422563675,0.5592052709402081,0.40403764177956797,-0.05336326028382542,0.5646276015506774,0
0.057691405591527384,-0.33191668816567726,0.09666423287241388,-0.38832485821269663,-0.13714971317901606,0
-0.8111198012783918,0.3835041704135005,0.19074041060201938,-0.28763719711841435,0.3336654457985943,1
0.7639059722178793,0.5443474468725672,-0.7112487765549879,0.8890875055787472,0.07232373093688722,1
-0.8727293846444563,-0.15782223846109905,0.5831020269255175,-0.006999868961276812,0.5899369627554696,0
0.3834449114998879,0.7362683445443584,0.9959677841156812,-1.4032144227094656,1.1422221147871594,0
-0.33724263443075775,0.0626101971711431,0.22227793424962422,-0.4787124699978841,-0.4505925067551967,0
-0.6689769031719714,-1.2959383055239524,0.9346461270918979,-0.8556305939521114,0.8334225070086448,1
-0.10172991011930475,-0.03223900054965025,-0.43328529894945356,-0.07377663430800081,-0.39392118375172885,0
-2.193282705970798,0.025190719959171156,1.3975068495992173,-1.2251491338477773,-0.42976859257033845,0
-0.17502853880812083,-1.3577247933842997,-0.3324338860804142,-0.05592999571097048,-0.9564717920084873,0
-0.10172991011930475,0.0830047590947778,-1.5127579333857906,0.049101511077863064,-1.261412599268229,1
1.8722262597805992,-0.16177313839838123,-1.7844135739411209,1.46084600728151,-0.660082842127961,1
-1.0068166222520665,-1.6548195005198452,1.3051346282794543,-1.3261998843247504,0.8707605246953918,1
-0.32160910993015285,-1.4944299067736728,0.8570394785383451,-0.9602855510715187,0.9219629330978639,1
-0.3693686989092334,-0.5094618150567639,-0.5664726048788048,0.08021053311954673,-1.7892626869656998,0
1.4933674334992517,-0.5377356823595149,-1.2231176371572603,1.1664507444625898,0.09583990876460315,1
1.1469133652632428,-0.6004890807790312,-0.923759465174711,0.44682705785426924,-0.4637340895827531,1
1.7071894203707267,0.9664369297587267,-1.5744942486276297,0.608779050439284,-1.6388551409264611,1
0.5608895821438129,-1.08624993977508,-1.3573329308912347,0.5342772921706818,-2.1406107621927246,0
-0.533299811267996,0.08481547043886413,0.5362872046231316,0.10859760707873292,0.22519486945767514,1
-0.05329865871587891,0.138529147812988,-0.30323911526978997,-0.09496504553560688,-0.5681524212948221,1
-0.14362078803504844,-0.8020083042863686,0.542809567894792,-0.09496504553560688,1.0293268510620726,1
-0.6419018033477604,0.3413946877756204,0.7704546366415614,-0.8711594393523333,0.10915792878314406,0
-0.6491964779463435,0.29599273259869924,0.6591014516612089,-0.3201106960018629,0.555617780762022,0
-0.1913349338683331,1.1243876550624459,0.41780738406672424,0.12157410857816228,0.8932135766278805,0
-0.8216308518194331,-0.6018888804449034,0.3991543312211656,0.15198662818420416,0.4399841605029133,1
0.19639382173097067,0.2945099485193001,-1.3458379534924567,2.6420309254228966,0.09961197212461721,1
-0.40762507525492814,1.6197635058715039,0.8538185858483035,-0.5411077689512137,0.8428168676363491,0
-0.9109799152346624,0.3149548020589842,1.3791929852032772,-1.2892027059574,0.8951109120855115,1
-2.2268441107671113,-0.31682046290573945,0.9283071713118785,-0.3817364442498318,-0.5450225712695886,0
0.4277317811219713,-1.3113926853499773,-0.9232230316831018,0.29648594329167866,-1.3925743783871336,0
2.6850668702158025,0.9713555595914718,-2.105471003655904,0.9967814521278012,-1.4124915446020434,1
0.46316424700977554,-0.9556550523065306,-0.817034656629797,0.20094163187297973,-1.2518195228973008,0
-0.28655808552695355,-1.2125809238660292,1.0539864212351415,-0.9773039704821416,0.22519486945767514,1
-0.5127987425833019,-1.0806163303708662,0.6929520741142596,-0.3486116385456471,1.0097724363682594,1
-0.23957912058258476,-1.280103964118572,0.7694359585356433,-0.7397130804833566,1.042449661054139,1
-1.0472625886432083,-1.7548699700871864,1.8768894538351892,-2.4146870169716244,0.922128767594621,1
-1.2799511243184867,0.5344391300796982,1.0015536382839678,-0.9899747031046648,-0.20558415206664202,0
1.8652248910431137,1.6809076073226996,-2.280422665289323,1.939319437077446,-1.6957339705471546,1
-0.6467812545374814,-0.725254805889821,-0.14658523424065864,-0.1757498565139046,-1.2768838968115768,0
0.787236520963978,0.32722563820513734,-1.6350710397177526,3.0369387397060534,0.5370344726148648,1
0.1552062948984044,-0.5807714679539504,-0.8586443269347337,0.20973833941117362,-1.7824626475121668,0
-0.9955882713879529,-1.2494078986370358,1.2679104315273582,-1.281378236974624,0.7726461204033017,1
0.5509207645339687,0.03401766494782741,-0.054216005942504,1.0503181687782954,1.8016350101485825,0
0.6986901300952517,-0.8146942982592558,-0.03516365750051427,-0.3392582096521672,0.4084794089829734,0
-0.10172991011930475,-1.8077349654811494,0.6875140699906563,-0.8128753536369956,0.7801784946259992,1
-1.106948774727191,0.3726326794185195,0.6861212744832895,-0.20203838629788023,0.2375807618678126,0
-1.4522714488091037,-0.604271944066496,0.19074041060201938,-0.41794273744579175,-0.17698540507937333,0
-0.253639864936004,-0.9527050035554591,0.44754719947958516,-0.5855378611900558,0.29656301853230177,0
0.9621016918780837,1.4919211765215672,0.19074041060201938,0.4548552695197299,1.4990440432753493,0
-1.1925565205093476,0.30829014149875844,0.789155904646056,-0.09496504553560688,-0.014065185945833381,0
-1.1749049311882098,0.7554637274301079,0.8017341514462524,-0.19581190134138915,0.4164898356293489,0
-0.21909217385676394,-0.011740589438021714,0.2517721880297228,-0.47164593074238026,-0.20770858566470243,0
-1.2089628459468946,0.48781265114613004,1.1772728804074999,-1.0762306825447072,0.25047756739446647,0
2.9395414687678745,0.19644391388794302,-2.1046249992607957,2.372544921794518,0.9037986895837749,1
1.8737582985567125,-0.21546710444443723,-1.3734776455036046,0.8418798373914543,-0.3671065865001556,1
-1.6572337454123762,0.32269234255179435,1.6700173508023441,-1.4909319839866797,0.5354974998355257,1
-0.4713847872599484,0.22724334788429315,0.604969334174483,-0.22572230328772624,0.7577939857314938,0
-1.0618554098824038,0.13519462222689219,0.9807943539772324,-0.9498444801517398,0.11900960102081261,0
-0.2802480463729913,-0.4050283394234706,0.18906497456376542,0.13143016714582068,0.4401711031096599,1
-1.7840625957792224,0.5558729758836626,1.2536647524556357,-1.1894945104864214,-0.38505319496805923,0
-0.37785557458379987,0.37117795332666187,-0.014300994531871059,0.4454382813666649,0.061107493960706895,1
-0.13151494319465318,-1.1716748314267975,-0.6321328041213178,0.10913338891221545,-1.5341179555057152,0
0.8614357853645803,0.8172866885275131,-0.05760788277469954,0.37571506668124943,1.2317605770329356,0
-1.0025553884575713,0.30015951962039406,0.9129785602897114,-0.6352019799717411,0.40401754563935544,0
1.5390732852351465,-0.2027891506229153,-1.3960498074681318,2.0724331672349634,0.8545728396329463,1
-0.5831548649245547,-0.5926168851596492,1.3604393556583159,-1.392256671673992,1.24747493451984,1
1.1361004978203206,0.4747176255393954,-0.8785206347341477,-0.09496504553560688,0.12139465382568965,1
-0.31544887254137033,-1.5514357475100027,0.9720913125428945,-1.092548910387044,1.0740885191422802,1
-0.10172991011930475,-0.10256133283864811,0.5605977755329254,0.029801875782086935,0.26237068308827755,0
-0.6624211805565343,-2.1309642753774924,-0.5395998208253665,0.06280119468233024,0.22519486945767514,0
-0.23411291009427715,0.673031574583678,0.43275212003442487,-0.2144311569300842,0.5032772707803803,0
0.5233401482765553,0.8415041701717149,-1.463578160867242,2.007865866197677,-0.7988223611434446,1
-0.00495260700563028,0.48195021519306663,0.27768965465927486,0.2639746537572072,1.0349372866187108,0
-0.22336764172466933,1.306683666190406,0.5951201512250536,-0.3781524276909835,0.6275823725196369,0
-1.0269288975938824,0.2053100994032206,1.8537017158233955,-1.5249553867681997,1.7918674833531858,0
1.3377460441394802,1.3431109615485535,-1.5576629985146357,-0.09496504553560688,0.3101488118109878,1
0.2742674408414014,1.3953688486154125,0.19074041060201938,0.3875430119019567,1.298468821471859,0
0.4033821755354359,-0.5078603379525903,-0.2956936162983064,-0.19281932021107673,-0.5079274775724049,0
0.30309110316438775,-0.7146986509280356,0.0806431650702822,-0.05021927669267818,0.6367697768276117,1
-0.5339327546960461,-0.32416167707812904,0.19074041060201938,-0.07311981760182414,0.9618288097993677,1
-0.10172991011930475,0.7596758953674482,-2.1025063451680075,1.0846813708565484,-1.9641343273556837,1
1.622570268329311,-0.817311082860121,0.19074041060201938,-0.09496504553560688,0.5823100740707889,1
-0.2896900485036117,0.16398768745025852,0.2625141754320394,0.2892972888496579,0.7472094443583623,0
0.9283712469710785,0.03401766494782741,-0.5639089360610645,0.8682725831787151,0.775831895701772,1
-0.5010936100140608,0.3102160308588587,0.23771899624144488,0.39436897847445546,0.5478514724373752,1
0.22925716841849167,0.854776694194958,0.667958270541008,-0.8974308262304833,0.7307500128340096,0
-1.8615128663845089,0.8805457791497822,2.007807140533343,-1.6446697350675368,0.9141012807369289,0
-0.41397344284474624,1.0380883629777282,1.3007284311244942,-1.4555433006692475,0.9133996055955688,0
-2.21414909577912,-0.010604540016663899,1.2159577421448438,-0.7392272729829125,-0.28249311151474293,0
-0.10118992497147157,-0.9030924585058324,-0.369381211019771,-0.05784509388716549,-1.0523428479399377,0
-0.2608962635686321,0.5650533974029192,-0.17719721877123892,1.080930118968976,0.5865265675731969,1
0.18633955523589874,-2.5682354693922327,0.6593085814722889,-1.3290028634540973,0.6619611124613234,1
0.9586540170131902,0.4266206443711695,-1.1523389508504365,0.8732849150448844,-0.908948657066588,1
-0.3812159397524791,0.3737679821509511,0.8137206307297913,-0.09496504553560688,0.9601782962996646,1
-0.23790760453725135,-1.0517716595985098,0.6824957294474432,-0.8789121182757219,0.5761315852281758,1
-0.9035915203083023,0.16199623382299877,0.9549983879449573,-0.8393212612826124,0.38127669352153387,0
0.08905158996846607,-0.837625030199738,-0.6903234465665403,0.13142822566713305,-1.4611119982848624,0
-0.3604406012363999,-0.7314813422162785,0.3091019552855116,-0.4885626116383616,0.22519486945767514,0
0.03436067078986945,1.0433290224934106,0.22174569958742024,0.44637443997732856,1.079403233981095,0
-0.11314503031165327,0.9253050313874192,0.5629356110655103,-0.2922285350688952,0.8529976511249747,0
-1.421932654897748,-0.8175303786942055,0.816469313517857,-0.8375381800924551,-0.43759364944585605,0
-0.7416693290343398,1.0818645211347506,0.995847161732967,-0.8529320031412545,0.5058877829160054,0
-0.36554439078988765,-0.12646385435112817,0.3674496258635795,-0.5614302545380718,-0.1658811979305788,0
-0.6602708289135514,0.03401766494782741,0.5621208263675972,-0.7256738820150175,-0.16764935727059996,0
-0.31203433759147653,0.2807148983664928,0.8131075667056179,-0.7133977350707402,0.8413813826910171,0
-0.10172991011930475,-1.121557476814329,1.0546953682582545,-0.9899337441284081,0.6384918360902541,0
0.8125163072216814,0.7811352102986265,-0.7397654202044702,0.3037780541205894,-0.7891202847295986,1
1.2685293442557295,-0.16773427136963637,-1.1786754515486295,0.4464345588126104,-1.0952504260591698,1
0.44565731961205507,1.9366019032616746,-1.3418009349388063,0.39180377648260506,-2.954013972572884,1
1.3329535577507177,1.041725677735088,-1.6694161499810232,1.992846969789054,-0.4635136352912672,1
0.36791305836341237,0.9199112293175291,-0.7554029717779421,1.7814017687746335,0.637419598774986,1
1.1096717354130017,1.4021110031251998,-0.741821078335149,0.8741089317534064,0.22686456490090448,1
1.3142993921144008,0.14582169328258224,-1.722551392652928,-0.09496504553560688,-1.3533249506397131,1
-0.6089403425788367,0.09162338616617606,0.4825744684548843,-0.10145418158610524,0.22519486945767514,1
-1.3552970562044797,-0.5571943450300445,0.6535231667427204,0.17257549190450172,0.5284180044510048,1
0.9673809903135059,0.5827961019116643,-1.3129885324362283,1.3982928221490394,-0.6494141631099695,1
0.6819223533796381,1.291425345226484,0.46641290658239526,-0.6351278693521947,0.9943444100223698,0
-0.9291258971229667,0.6439757646670246,0.7466746548387746,-0.3719796915960109,0.3342193984847914,0
0.23814499207369927,-0.042652726970347235,-0.09836620962435726,-0.2932884190383217,-0.37969567675325216,0
0.34905049908699426,1.8710065716165654,-0.7632956281415169,0.4495254515860075,-1.3908896762836116,1
0.8910404604315033,-1.6829836158621434,-2.263652585419024,1.1804110071800562,-3.2509350815795446,0
-0.26553476027132555,1.2160335403184819,-0.85784123563548,2.1759075409849853,0.0963723294927839,1
-0.5413206257122892,-0.4328248870793435,0.7961817001431319,-0.5572025299823251,0.8617863377093546,1
-0.11793236425146811,0.2538258121308445,0.5753248775924639,-0.09496504553560688,0.498181617611627,0
-1.8476639297375022,0.03401766494782741,1.24548401439448,-0.18544095092461838,0.7168670488689294,1
-0.10226989526713795,-0.06508952674985738,-0.05350560405214992,0.601566685270568,0.5678021836697301,1
-0.6197144647748266,-0.19913866573718894,0.49252713637146817,-0.11384546457175031,0.5012658703153865,1
0.044975027519218946,0.10975328688786924,-0.09407473266752446,0.6404100791858548,0.6529105637421819,1
1.1472458363191476,-0.6629389163121177,-0.5238966714724405,0.638165367911985,0.9056883059845584,1
1.935167180964311,0.09472986820077872,-1.3544218102800558,0.725606679198487,-0.45510691787413615,1
0.15757988888708643,0.6401838894720893,-0.6360033907785647,1.4717326847617267,0.34244871542259187,1
2.1787471164394163,-2.0487865492448734,-1.5074788686424994,0.46373673364132134,-0.5726124099113855,1
0.8378432791613675,1.7145375407258372,0.24264883120057784,0.18654520793650387,1.6132084067164063,0
1.6149474336617313,1.7964802602917824,-1.6898451619804753,1.2661918154133318,-1.310494499582881,1
0.6944473647856007,0.03401766494782741,-0.9446029836233609,1.1667636942579998,-0.30589585918402423,1
0.3795406791353207,-0.7630564097412273,-0.4521541141370981,0.8875639729721362,0.5547104600553753,1
-0.39033568938372926,-1.103410881236523,0.48997136824126053,-0.27888796203759497,0.6966688017124664,1
0.28541614636204854,-2.244149260254151,-1.2585732201706106,0.5248217530643547,-2.0063731286981272,0
-2.9920193058037245,-0.603383148194845,1.3545174792148642,-0.7507536159498531,-0.7329142704421837,0
0.8753685293754264,0.7256048515477004,-0.7780929637654866,0.5705238818380806,-0.4461222711783512,1
0.37139012069279304,1.2336804067006553,-0.5040472645858738,-0.25857866944469693,-1.509742664240261,1
-1.7663713136988122,-0.3455326909036873,0.7766236638621327,-0.1472832918461921,-0.09258674656589969,0
-0.22787963468055816,-1.1841457452062076,0.5248711489150916,-0.666206662575135,0.46911431099958484,1
-1.3948704215675478,-0.1401004894497491,0.9273054258612154,-1.0431600410600108,-0.5002288272703693,0
0.029630663311950165,1.1845948952722856,-0.7420065512845154,2.14260169151693,0.7223498442549782,1
-0.1572487460188655,-1.2914019041658253,-0.1719721381884367,-0.21407334502020323,0.22519486945767514,0
-0.4057951178301125,-0.6994339940440503,0.06669803898993308,0.31801458880891487,0.26239411791269374,1
-0.10172991011930475,1.150132211248057,0.6909518687717945,-1.0998256741987846,1.181556515450271,0
0.12864304214993613,0.2687736190848655,-0.6054701817702763,1.4243719127259808,0.3919370802381084,1
-0.09773687183157449,0.12296707513977957,0.5336716793257178,-0.7419522789786924,0.3161414638156276,0
-0.10172991011930475,2.1256957111201453,0.5704825045588494,0.6183617865337494,0.22519486945767514,1
-0.24236083276955092,-0.4183284392965708,0.2067091579453414,-0.4685315190278148,-0.2838430354974675,0
1.6936381158106337,1.2669751798141209,-1.6381202775567056,1.2360685036425973,-1.0248639419850607,1
0.36399705275742344,-0.19897296893997815,-0.8234578804287042,1.9600403885044435,0.8845993047084549,1
-0.5795829501050543,0.08528904147666344,0.5535930545885059,0.0038817380761434653,0.8274736468223276,1
1.0931554824254448,-0.2301995906962551,-0.4953103461853422,-0.9091202220377759,-1.2682228967704672,1
0.8188074166281795,2.15507689755588,-1.3277433971340202,1.4462863510981516,-1.0729445469084808,1
1.3205728322163108,2.49656874254719,-1.5089919987115739,1.2364004048288957,-1.3241170106310436,1
-0.08612828192320097,-1.6920050646649731,1.2229292818103015,-1.6692360707944252,1.2695178206616609,0
0.0460323975517607,0.890777778588036,0.4378164747642554,-0.17417290555773376,0.8648423725569758,0
-0.2929790735265941,0.40909229338746494,0.6340404845300457,-0.76709557531107,0.2770178071236675,0
-0.1369935174819687,-0.36572431749764317,0.08427285790625991,0.31649581974049545,0.22519486945767514,1
-0.05128392919465063,-2.0053351422492303,0.7165512990887665,-1.3013662573978035,0.4785107356608531,1
-1.1872504178396184,0.03401766494782741,0.7005328202687195,-0.10056780668113849,0.2981078926112196,0
0.6879814511174324,-1.3686076851930526,-1.3893527017901575,0.5359094214242281,-2.0271780456286104,0
0.13103590282482266,0.20388044880556364,-0.10599368723459747,0.26140707931662077,0.18775394608690932,1
-0.568995008813365,-0.09155953479876162,0.5572159871437113,-0.15634120731943288,0.22519486945767514,1
-0.31296660800539894,-1.7585299764255051,0.7876064751818771,-1.0769671012728081,0.6282461306532652,1
-0.29285067871441733,-0.06508957723724847,0.19074041060201938,-0.00786846147354733,0.39380855536186243,1
-0.10172991011930475,0.13142412175372511,2.013413947073975,-1.6713725496428398,1.4975548818409414,0
-0.7878240431809306,0.6342708194270256,0.42053151547873646,0.5870030789516084,0.9177768283813001,0
1.3458660786984915,-1.3418534807745433,-2.414181853025025,1.2867917806102973,-3.0412064356515507,0
-0.8305667578737768,0.03401766494782741,0.4818722804054045,-0.719156088011046,-0.7317070930539634,0
-0.8675047897106689,-0.3161485830373702,0.6931097322233517,0.0033187204637492125,0.9394730524247479,1
1.387602719680881,1.1257056542965191,-1.3108438729174923,0.5773129285625954,-1.3633854181468625,1
-0.8243835414924907,-0.05419997392408595,0.8436257442747155,-0.9452170777933875,0.062180448403344,0
0.05151948614694267,0.9018439509818567,0.19074041060201938,-0.4101978379608666,0.22519486945767514,0
-0.8122337018840683,0.19949093571130969,0.9401969080869723,-0.7797183837833198,0.5233550654676163,0
0.7258515256610715,1.9066756680054637,-1.0190027751640425,0.7540885800813545,-1.2379543048391444,1
2.4187028106170763,0.9911364059363159,-0.37889545100406546,0.15991207589937317,1.862883088638423,0
0.6017604109549552,-1.3143433081331726,-0.7424261325254908,0.15796576799413853,-0.8799832094635566,0
0.480595338005383,-0.5118751626615486,-0.2892983667402682,0.6094060059170252,0.6970946793239815,1
-0.10172991011930475,-2.006672267032415,-1.4133591976906188,0.7543771440848446,0.401673670695761,1
-0.34243425974324143,0.20242866787400568,1.175372212813764,-1.8154205888689683,0.3076898497353757,0
0.332058317963483,0.03401766494782741,-1.1930388609096338,0.5232528199879511,-1.9397989146133514,0
-1.2513963063367533,-0.1022226535078306,0.9959342828246766,-1.088636536098914,-0.2113894176409101,0
-0.4928087892317973,-2.5608743378999255,1.1631911124119272,-1.6877064232429426,0.751624198279956,1
1.2723807360930404,0.9814162528616148,-1.054642468551358,1.368172725085555,0.3086776520181849,0
-0.3118203998270362,-0.593540516434385,0.19074041060201938,-0.33295064231116006,-0.7571395490564298,0
-0.10172991011930475,-0.8020417476574248,0.017035229781478933,-0.3208789415490972,-0.28007575602872153,0
-0.19009012781131646,-0.5891801511283858,0.21757796816025288,-0.472497732243001,-0.168074116902692,0
1.1474489343866636,1.1151576059625103,0.1738797711711905,-0.09496504553560688,1.689786015089514,0
-1.622249231570723,0.27140449002448,1.7449621018872858,-1.4382350266076411,0.8632413605516095,0
-0.5749458329446281,0.22352216793162982,0.0601103555361848,0.6744061656937204,0.3710690883808268,1
0.5860682018091697,-2.746070329126343,-0.6728348551882283,0.02628152560546827,-1.0024200965591137,0
-0.46420472654394324,-0.13296322573768476,0.5892214578366447,-0.5023154360944851,0.40791163973743977,0
-0.6180632388355372,-0.6536849439848812,0.6086038322226757,-0.7320671303043618,0.056264642107077496,0
1.6316546648270478,0.09106777124093815,-1.407766349933774,0.6449283190830748,-1.069097374144829,1
-0.10172991011930475,-1.7473391410143022,-1.7019358852458653,0.7657513142518397,-2.56625314942355,0
-1.680086520760001,-0.26746450727788396,1.3625808950796903,-1.9368745668256904,-0.8412628565948197,0
0.7860380344151674,0.3836244521740434,-0.8853638212536944,1.2559872166351218,0.1498799924247499,1
0.055127681220246506,0.14331731573767972,0.3859699395134078,-0.5809184187791482,0.30775284448937223,0
-0.7003705179607403,0.10454641603167526,0.2501735576049332,0.32287092822854097,0.28499047608986205,1
2.0840854485904368,0.761058815530525,-1.496701612689079,0.45632458974156764,-1.1532938529115986,1
-1.1775663398555032,0.26082591140988015,1.2831528154133718,-1.5515103724457249,-0.031724100300439345,0
-0.11891064865343222,0.74100457382802,1.3055556163511075,-0.09496504553560688,0.3964910668044542,0
2.6195963547755174,0.2821967687080312,-2.5046008269867195,3.0632245551320407,0.35756946186134964,1
-1.0309336880551596,-1.1291911705603848,1.0340776729097336,-0.9185860462162352,0.5641314336194359,1
-1.8032353170585018,-0.9527332529011318,1.2747872871701358,-0.09496504553560688,0.0795335530597712,0
-0.37538730796666786,-0.5477756760018639,0.05215082843016957,-0.32971711712815993,-0.6526662711971412,0
-0.230587512341426,-0.4178883206534055,0.05443005372025377,0.453661645693109,0.5717931998516722,1
-0.9121596486379371,-2.3586439758641498,1.4139806936414259,-1.9274910864177976,0.5821165526742951,1
-0.5453298344493973,0.21737122861033856,1.1319775420243932,-1.783330372274243,-0.009505960469765984,0
-1.9269131251459888,-0.1683011985099622,1.2029990367981152,-0.8436699849005128,-0.09436999151484779,0
-0.722983742246052,-0.6388814720551116,1.0856421662621583,-0.9620239521723759,0.9243636803087405,0
0.7429637562695911,1.0452987293505356,0.43874128776484506,-0.7585256796968926,0.22519486945767514,0
-0.10172991011930475,-0.20023323971034038,0.05720584763186979,0.2434068224298813,0.7148327741010667,1
-0.6057272279983765,0.5073707744404672,0.4679404025834406,0.24535176117910423,0.8181066186992106,1
-1.323365521911203,0.15817300599124456,2.2955980882334863,-1.8155109172717225,2.2307126563504034,0
0.6974615900914216,-0.6956403418471393,-0.7954797156455732,1.2914057198404385,0.5279082512507031,1
-1.5272501367318785,0.16365452818708032,1.0897858420545243,-1.0165619280865301,-0.2272027480851162,0
-0.5382611273935919,-0.7683881403696751,1.2718449723715195,-1.4720573385780127,0.9789875721518354,1
0.491029929161553,-1.0742243973653527,-1.1517876141247956,0.3888301678655796,-1.8599574456180752,0
1.3235618128060271,0.15322272407756934,-1.7534860740376623,2.161195044130147,-0.3208263104055186,1
0.8770948634166424,0.5879117029740241,0.12026639674440233,0.10003798859650727,0.22519486945767514,0
2.1547671698514415,1.4345723235178296,0.19074041060201938,1.1121882926160676,-1.290315295664631,1
-0.09873937344230045,-0.9893820161824376,-0.7070711743369669,0.0959645173617824,-1.750680175388,0
0.954894665322994,0.6865248747172668,-0.14861704332580142,0.5253973543686274,1.3195544524948668,0
-1.1569342295870406,0.21925706944449935,1.1962570258692593,-0.874145641650688,0.6866300959485072,1
0.7887051762865401,1.3111772337038616,0.2532081384711817,-0.12883274362145428,1.2235681805116092,0
-0.2829087114322565,0.9070005842996185,1.286992460848378,-1.7906551946061133,0.5954533592875144,0
1.5714127033992924,0.03401766494782741,-0.22149882946112057,0.7729773257753166,1.9919884107467594,0
1.7221178275050752,-0.5280464400067824,-1.613519037562295,0.9484894833444564,-1.0045284395252019,1
-3.382374409303768,-0.860787727532059,1.7142249823495466,-1.3431988068565133,-0.9712087639492458,0
1.5731694983641273,-1.1832865219930913,-1.5168246787267534,1.1702293322301298,-0.4982809912453858,1
0.7443593922987324,1.6704649589080682,0.04840634530127141,0.607950446399675,1.5533070798256343,0
0.8783375499956809,0.6503788807207608,0.11374855331315085,-0.12560622798373608,1.0660512522793286,0
-1.2316437865887708,-1.5210967960376318,1.5074005737738205,-1.6631829728492156,0.6768204279187424,1
-1.2114473450446526,-1.1813770103869137,0.19074041060201938,-0.5853101784307921,-0.9903543555130234,0
0.869103667758877,1.7094446240123211,-1.7032535554839014,2.050359729119274,-1.1411381881521783,1
-0.10172991011930475,-1.5581547832626876,0.2036299949383817,0.14222334752219148,0.5455301764553387,1
-0.10172991011930475,-0.359244020403057,0.14904985791455763,-0.45476912667821784,-0.15583278943052514,0
-0.9716992645643084,-0.7030973371952893,0.5819389584253536,-0.7048836779297271,-0.38841169052744917,0
-0.19483552615720534,0.09835837371042296,-0.3221128188168167,1.3965343636617316,0.7791364705900407,1
-0.42214475075105395,0.07670444982313365,0.47754219230904976,-0.05276180495747472,0.7287494879315279,1
-1.1308715605794442,0.6720361618007856,1.220884816969193,-1.2097184630437012,0.24790525225065432,0
-1.236524539229272,0.48709387188283104,0.9841092902770906,-0.9774851373653345,-0.17690837986607635,0
-0.009860403803948465,-0.9295446222325695,0.8378484023392379,-1.218627795862323,0.786111371629825,1
-0.07396305421503165,0.42026274639688804,0.36956620384935956,-0.2846163391875788,0.4669927474028585,0
-0.8338190249833666,-1.2961591171606652,1.3776356835358432,-1.292472930147319,1.2574708326223036,1
1.0555359553633916,1.8252820722063123,-1.4070633067762914,1.011113505672022,0.22519486945767514,1
1.3359622977545338,2.227689314636355,-2.153197690564201,3.0745149009619266,-0.5158142370250899,1
0.6846098241038048,0.6852096498640546,-0.8279065264078037,-0.12190363489100807,-1.746532216164314,1
-0.86718047418229,-1.3564485448284318,-0.07217031864902064,-0.22418374473424607,-1.289237084212225,0
-1.1675112474368965,0.1982586553748208,0.7344616136700683,-0.3386804145958107,0.14240964593821084,1
-1.4191873154623127,-0.19224431651046928,0.8498740975853315,-0.5647175902764681,0.22519486945767514,0
-0.2648751281765401,-0.7750118035275394,-0.6943238459563642,0.09312925950679801,-1.9528705618187863,0
-0.06040405703345318,0.6544722523516858,0.9485274000500314,-1.177155637379721,0.8113697104972024,0
-0.27355671471896326,0.9380696214668015,-0.29747594199453925,1.3576458492590406,0.22519486945767514,1
1.532900041480824,1.300455777003826,-1.6212359247809887,-0.09496504553560688,-1.3052750340871333,1
0.28057623372109264,0.6480892678173903,0.2838291620771416,0.12205119774749347,1.1659505871106395,0
1.495302146034301,1.0876294674407392,-1.3023992309611243,1.2257698695045325,-0.32086739945826537,1
1.8329211746821408,0.06498636320467023,-2.21462215707307,2.5047014333246422,0.22519486945767514,1
1.2044206082927222,0.03401766494782741,0.32113758883085125,-0.44873123539475146,1.4594909179729838,0
0.41525578070039304,-1.1128938006632776,-0.5908343625526532,0.038349440260387675,-0.8826024536268569,0
0.475352494966542,-0.970230351531853,-1.089997052969306,-0.09496504553560688,-1.7513560005269397,0
-1.5112195969301403,-0.7507648011155001,0.3637650530364602,-0.5286299020443397,-1.37443249037864,0
0.1106300400519607,0.03401766494782741,-1.2626443517342965,2.3737173318190226,-0.42003965259947434,1
-0.04409382316256961,-0.12371881316295216,0.5015446672987217,-0.5749112886497525,0.562333504846639,0
1.1978872177134159,1.3770106460625198,-1.2288011269352672,-0.35360823091103627,-2.6773160048700055,1
1.8256129153555944,1.5853591223323988,-1.7415627680718464,1.1846855325555867,-1.2784201526917607,1
-2.2248809286984117,-0.7820770982919476,1.5035589267523588,-1.7732008518559883,0.22519486945767514,0
1.3545945598079698,0.8315382582637393,-1.0143207813796256,-0.25986744353250385,-1.681238865082612,1
0.33448995874897586,0.7469806192336327,-0.6753012426631271,0.10887857936798936,-1.4365640581541435,1
0.6621904155079346,-0.9513560835023697,-0.8438557421459594,0.8978166352321586,-0.1395188889473098,1
-0.72499904119375,-0.8165738567005429,0.11338590688526194,-0.3850290250612293,-0.9260168757553707,0
-0.3437768281645089,-0.4874706266880696,1.1937403788042418,-1.6141493821703246,0.7513108256467343,1
-0.40518759944818045,0.4926989866649023,0.5204335890080916,-0.3235954725702446,0.4241941392201105,0
-1.1108954216157287,0.6449759562507047,1.05287993714613,-0.622428443154744,0.6174529316437213,0
0.5844447691568557,0.7417742317778684,0.19074041060201938,1.0378163925294897,0.02728591599465377,1
-0.955272464283502,0.5890674825448998,0.8676259561961146,-0.49163075998425,0.48127049155317686,1
-0.10172991011930475,0.03401766494782741,0.38320937332463273,-0.5629315143385732,1.8932213424235234,0
-0.8391886725729293,1.5985310863450113,-0.6580673677397857,2.4041556413100897,0.21276963155409095,1
-1.0442184630995253,0.06736528244904724,1.3474642393618732,-0.09496504553560688,1.2736455967102198,1
-0.06664255071809456,-2.14982344804672,1.1517371239375496,-1.7763481129395142,1.030513081853529,1
0.045847924595648806,0.7082171370509696,-0.5442861509892625,0.5492753744153361,-0.8095149278885635,1
1.5979447579030257,-1.3038496019152879,-0.6845107840073054,0.5477624327442602,0.22519486945767514,1
0.031046225575668836,0.3051024588420882,0.6387061586485487,-0.5987530163312452,0.920126973260496,0
-0.8222349588811873,-0.13091089878675796,0.9063426645838132,-0.4685454780435995,0.9011238391367185,1
-1.8138247168336017,-0.6476691434068712,1.1926873646484335,-1.2714804905520625,-0.4901999743211995,0
-0.6807901912829107,0.03401766494782741,0.7572316837725551,-0.3115655860985262,0.7807883919617079,0
-1.062291438067856,-0.633505806316829,1.0533989544866504,-0.9755251516438549,0.41620063983677746,0
-0.6668814827255912,-0.7158748864670226,0.9482665799671096,-0.9421830351369904,0.6542117279716823,1
-0.6033954726141819,0.21515253064275722,0.8113733228239354,-0.8919234698793691,0.22519486945767514,0
-0.9819405147395655,-0.45571067235748014,1.0165490682784712,-0.930574064444475,0.4404126061016869,0
-0.5339877433777198,0.30619187137421683,0.8408533592434577,-1.115231572573212,0.10235703328903666,0
1.1657782081981076,0.9258781721562835,0.6640952111562187,-1.5073788854599497,0.979713564294981,0
-0.28366350038526955,-1.1171064224212164,0.24721124802594363,-0.4927988700104276,-0.13315297295434528,0
1.1435827601532325,1.0519859697914464,-1.8463693256204357,2.544413875315179,0.22519486945767514,1
1.8950029896620557,1.5083351439962913,-1.9671497209338777,2.0799471585459175,-0.5792077463496536,1
-0.4395505247270116,0.8522329753593568,2.099076731185321,-1.7161361345904427,2.7495224346528717,0
0.8262834808643781,2.1880436381051167,-1.2828586551539982,1.5950515731431132,-0.7435494877190785,1
2.2520032429884065,-0.929967341399987,-1.8547077903620874,1.123541731508372,-0.7319668708037805,1
0.001207735115566076,-0.15958255730550536,0.27366909753905366,-0.15728669479467344,0.5673350924876046,1
0.41429077107026496,-1.5619126211286676,-1.2201485015154618,0.46231006463911906,-1.952885446868126,0
0.5486337549422146,-0.09230257328240729,-1.1191118780295846,2.165352167325878,0.5533271763886037,1
0.6844754582415242,-0.5605196539170101,-0.4485197377758689,0.7975490178601324,0.766318482814514,1
-0.5099368434787364,-0.271209689910529,0.6434610055312648,-0.7474921209706542,0.19190386716712576,0
0.08917120027227517,0.17932681551619206,0.3688631895136805,-0.5965295871330318,0.2734143397414267,0
-0.10172991011930475,0.5146233163824167,-0.3618788932636046,1.4934705406900977,0.5913913424832327,1
0.08794412033332247,-1.20436836350376,0.02762719676614412,0.11196668371812678,0.544127635648743,1
-0.14454357951020194,-2.746070329126343,0.3332203749169824,-0.19668378386125296,0.22519486945767514,1
-0.09425897097729911,-0.2699167696823599,-0.3918624478281823,1.1528476939248882,0.437667711478944,1
-0.10939054945322334,1.0627487745077648,0.487451253191896,0.40056293672928367,1.57269273850268,0
0.3690346205077464,0.03401766494782741,-1.3718574993165862,0.5902686456043632,-2.2463519166250405,0
-1.5883537251804798,-0.051949224192652806,1.2326284186818601,-1.2223613655482588,-0.15107597096028194,0
0.6800619379787523,2.726417223288779,-1.9165491875257255,2.0685489922326883,-2.133580968959639,1
0.6730447520239694,1.8711815468168642,-1.0249690868075103,0.8345918728499047,-1.2005048352938372,1
-1.0186229930172817,-0.8793789362914287,0.7886669268210473,-0.8292315291432285,-0.015902063881324893,0
-0.67164487314757,-1.3015922762910237,-0.02283646625218324,-0.268625800258439,-0.9934368548984518,0
-0.5020391253609181,-1.518326254875219,-0.017888115625498555,-0.21747822876795628,-0.6722162605509135,0
-0.2024035600157773,-0.5773665754729518,-0.1276021007990663,-0.27682497193297917,-0.8642534163712146,0
-0.07814959591433804,-1.0090820487342278,-0.4435272438028137,0.9839432760924083,0.21275389396948596,1
-0.39942709959962275,-1.8812757361761772,1.128624371955303,-1.6833057040471084,0.6548624133356653,1
-0.027046829744847633,-1.1734430337805015,-0.34036242277862455,1.001749625795613,0.6089262984722282,1
1.5284783696689577,-0.04714142011207836,-0.9192122984264527,1.094960362760918,0.7879744141803151,1
-0.6430074109954883,0.03401766494782741,0.17501099471529388,0.4577038207466488,0.37112368818682046,0
-0.5330895465431287,-0.21028819544436184,0.41843878382235616,-0.6323156134067512,-0.30594331051062446,0
0.170358518713812,-0.8889415455055268,0.5120198056657288,-0.4519390212363157,1.1450691948743534,1
0.37164804972560816,-0.695763540051493,-1.0047336279030776,0.270398695518392,-1.8249782993763526,0
-0.6271016884652949,-1.1925071547292079,0.4769002210846502,-0.6194595701691152,-0.2519978413479306,0
-2.193778051149406,0.37813356512445495,1.0339551936735782,-0.28511463291115635,-0.20504698910606978,0
1.3481219727855986,1.8837217494431993,-0.18326681221959473,0.8745162448503413,1.9571908171725347,0
-0.4079660904479511,-2.012419650629693,-0.9377164718282983,0.24438458135553992,-2.3676591535696803,0
-0.40432963958983814,0.7840939346720777,0.49080318747320667,0.08747643623920717,0.8547178978475033,0
0.24348173333615397,-0.9661712306349602,-0.7225262217771459,0.19294429405137717,-1.2608726036872584,0
0.36964280767386276,-2.746070329126343,1.006343331455016,-2.0326614186430745,0.9280742486505964,1
-0.9504603837776912,0.03401766494782741,1.48831368083086,-1.2573538985255388,1.3804956591546667,0
-1.0824449922094959,-0.3781858696577144,0.19074041060201938,-0.9181499822199534,0.17977376466293482,0
-0.47448372124758326,0.03401766494782741,0.19738812494606198,-0.45619235595173463,-0.5327944614460269,0
0.35196320602935777,1.494396436837403,-0.8810195833729944,2.0349414451412797,0.520450252325024,1
0.9806867316918638,-0.7581781839587026,-0.7361026794971729,-0.09496504553560688,0.22519486945767514,0
-0.2132141759144684,1.0132891674855087,0.29777667629829035,-0.09496504553560688,0.5053577581525941,1
1.430319535806907,0.2856134887062155,-1.72390275816855,2.5135610895076743,0.3445322468262876,1
0.333744239222573,-1.1636830837254613,-0.03765440398478031,-0.2873757050876183,0.10257847198837336,0
0.9171706158214703,0.557856810282742,-0.9910034376309917,0.022769571057619547,-1.6997886599834207,1
0.5519355470376052,0.16580053676583645,-0.5379262949418576,0.15354819370571177,-0.6411413780226982,1
-0.5397606591718019,-0.02764056216708345,0.6813905859685488,-0.26756424238265947,0.8739042257276536,1
-0.41879915544924956,0.8633067121536526,-0.08983290893494965,0.9265833281601666,0.3772126512026344,1
-2.08812788492672,0.07312192352450055,1.0980937804474413,-0.36831165584599934,0.0349327021736692,0
-0.7543609968725333,-0.3200401199116951,0.6075345812704396,-0.09496504553560688,0.8779620886144552,1
2.0306943254084007,1.940174154185096,-2.6337642103045664,3.164571428333327,-0.8413526783806708,1
1.6274541136840115,0.7173131447738385,-1.6610857020482572,0.9024613635398482,-1.5260425038853789,1
1.8900144279956244,1.957600784764661,0.31166063815513356,-0.8053191052086816,1.6470123598157642,0
-0.6588572175750292,-0.9626082401513434,0.18022177896540967,-0.4218204387015742,-0.6895076422961888,0
-0.25639475964730907,0.03401766494782741,0.3082338782094349,0.512804841694317,1.0696170089181662,0
1.6718101612965697,0.7399715740189373,-1.8619398113065633,1.429597047764196,-1.3086378069500666,1
-0.9246407133138163,0.7660568305831605,0.6589697191853316,-0.02088916963052247,0.5572303332569283,0
0.2699285908254458,1.2884117623733338,-0.18067011283421988,0.12902481123595916,-0.22254005395136203,1
0.632385086435796,-2.461125168494111,0.3148811983167941,-0.7381623000701321,1.0318118463854071,1
-0.06369098007716281,0.48373696018747386,0.5161495078023987,-0.29748202957113,0.852592773822355,0
0.884850377359732,0.9300205174439523,-1.6867533949755866,2.5199993962468894,-0.3003783514352346,1
0.3615534489610514,0.6254950176693086,-0.6540660858058469,1.4424512533767095,0.4961277650755505,1
0.2759479960186146,-0.09220974242841555,-0.6412564459700959,0.17114962116210117,-1.1813253019211984,1
0.6348844252424493,0.8531350904309506,-0.9203183003283066,1.9938110064766414,0.8017595482629208,1
1.0649071396138845,0.5677861480037226,0.19074041060201938,0.7119554375236874,-1.6351687667914188,1
1.157671745857622,2.726417223288779,-1.5111309143664862,0.37535267380214704,-2.7711852999180495,1
1.6649395488527634,-0.3347977943210693,-1.5030521360319746,0.9832830544749982,-0.7550466887091853,1
1.962882182870869,2.1562048492156,-2.0809305139830987,1.2209287385275542,-2.097090128784145,1
-0.10172991011930475,-1.4777531869798457,-0.8153288044172872,0.2598134539544581,-1.7784525478400592,0
-0.36447332998953824,0.7801313955129137,0.8790889887548775,-0.7789724127855359,0.7841253506353472,0
-1.0634509282275093,-0.8267021800948308,1.3137673818497573,-1.2492490477422447,0.7887678843910322,1
-0.5366618675635945,-1.9693138872458666,1.244033990476114,-1.746833995525155,0.22519486945767514,1
0.36750391987914427,-0.9977693984979863,-0.6084275856287142,0.09861407924853542,-0.9249057170703734,0
0.3501381117529577,0.6119091957798521,-0.827042287121022,1.5670699112426454,0.1807418708837877,1
-0.4628697600288436,-1.3316037059689319,0.19074041060201938,-1.3252799441528778,0.22519486945767514,1
0.721958656409671,0.4860307783291287,-0.9424810877340488,0.9178698441079132,-0.5620036846899079,1
0.39643069053571467,1.7628421690170313,-0.6334076496024693,0.8494186787889193,-0.4137208388377363,1
0.03904477021584652,-1.8857961028708046,1.1144718710477397,-1.9039955426590949,0.8327550798102427,1
0.39817573594760486,0.5595560247341735,-0.6052153370554819,0.8498987924684871,-0.12450793606250089,1
1.9211150655895084,-0.48996388225213855,-1.8295027531678172,1.1779147157943475,-1.0554603498492863,1
-0.7945900405736066,2.040261516045638,-0.26365684142419166,1.4830753506451566,0.012483249668048514,1
0.32907080481448936,-1.6992625395525176,-1.3479471422891285,-0.09496504553560688,-2.2513272454508053,0
-0.10172991011930475,-0.34593184341395866,-0.2809362724428105,-0.09970912835941093,-1.8173830698247087,0
1.1013511374157055,0.2243150807216782,-1.1735632417382489,0.7997969197865681,-0.8640053620636059,1
-0.7956642372605534,-0.695522248263392,0.784335886033223,-0.25509231555856643,0.9874829049816812,1
-1.8832898383242924,0.22572051877544272,1.0543217571041648,-0.5243238624011856,-0.0830584608633134,0
0.6137432168110911,-2.746070329126343,-0.8491321947975854,0.18772568745976156,-1.1172336391688102,0
0.1574292905820871,0.6637158745245596,-0.0443351151971165,-0.31991510282809155,-0.48587431004682313,0
-2.0050006012086357,0.03401766494782741,1.359987455732061,-1.215993039368089,-0.3263074903382233,0
-0.24579538300406886,0.8235172709206947,0.56568778357219,-0.0940646244123477,0.9923807517167955,0
-0.10172991011930475,0.5015174450478991,1.0288084122402619,-1.337961280733004,0.4509625288791494,0
0.09540859500759574,-0.965094062732913,0.1996656402974348,0.1402504780502775,0.22519486945767514,1
0.6474782700877171,0.8445490318449205,0.44215628525459505,-0.47437684711027417,1.1844006508102671,0
-0.488646540651062,-0.6797902499334111,0.2981229196339182,-0.09496504553560688,-0.331313261644831,0
2.2675477892920455,-1.2008876254483827,-1.449641748116228,-0.011401075218495633,-1.105519566618623,1
-0.09942056140407297,-1.9363561942234373,0.5320500919553514,-0.8200658922296059,0.5609879575912133,1
-0.10172991011930475,0.5032262095921747,0.9428334230017769,-0.09496504553560688,0.44806921228434177,0
0.08423723780804149,-1.3165978895090436,0.3853203473847891,-0.5059544451248352,0.6964772751489267,1
-0.07036447041413994,-0.9435415542225665,0.3522637414267397,-0.21911199895070874,0.22519486945767514,1
0.3339937829419995,0.06574314349260565,0.23036359067358383,-0.1738856645718557,0.7793559844323297,0
1.0710074435503398,1.2207829668461216,-0.8905233818027946,0.2676928975094099,-1.0233760217417847,1
0.6046277427828811,0.03401766494782741,0.19074041060201938,0.07723320921604097,-0.6560349027492071,1
-1.326100899435733,0.4163737648403238,0.5512931966657454,0.23361480234466858,0.1965776535047781,0
0.6123423658998818,1.2739431304550655,0.2297439207400124,-0.2057706702802968,0.8525074174828244,0
1.3785557847142356,1.7841132627770597,-1.6564551854897458,0.6168260013010299,-2.382572772156354,1
-0.273276495553569,-0.9456176755309971,0.7314456663467462,-0.7442318237175019,0.8341663913881205,1
1.8786183202087388,0.8602096203003423,-2.0375965432248853,1.8520391193636867,0.22519486945767514,1
-1.0057474758433649,1.2325501653282347,0.31568822009290826,0.8642535124994719,0.6477323752985321,1
0.3257874120084736,-1.8565332881779952,-1.605801840204795,0.7510724604140504,0.22519486945767514,0
0.6975467036066375,1.4532193741873765,-1.1098271230803007,1.1417870124126095,-0.9121447280547178,1
0.4193901664607582,-0.7114655077687877,-0.11998373197929997,0.3233876581074185,0.7333693005389325,1
-0.4051809735237238,-0.6292889381832648,0.93298001769272,-1.0071035803919588,0.8173366533253041,1
-0.8273724221082862,0.2592583801290804,0.8255500932346309,-0.7111130642981057,0.27432271660586044,0
-0.04943571018149038,-1.2861301976493125,0.1096365048259256,-0.44212074651454253,-0.1355687698072381,0
-0.1175192592552985,-0.5867774692396127,-0.9642807726371083,0.3525880765704666,-2.1978654494459895,0
1.6935117255208532,0.5164071445477478,-1.1956978664392655,0.10131371489615949,-1.230802880234992,1
0.4583292203580485,0.39500470290852274,0.41997803105179177,-0.3689488720682062,1.1225275698387804,0
1.0084974841759125,0.031993438370082825,-1.2239030066604584,1.5704079991237794,0.22519486945767514,1
-0.10172991011930475,-0.20520213878181245,1.7706832354247644,-1.3874564668049427,1.506806235072687,0
-0.46718997291439923,-0.5104209807697991,0.0964326924568827,-0.3300844279419952,-0.646510282850851,0
1.4890912130803895,1.0959880413881897,0.4797605800318933,-0.9782552652912143,1.5486528882909096,0
0.08616384910503724,-0.3071102282183026,-0.34241147081892476,0.8042289434645723,0.3165142783840396,1
0.16303946120638596,-0.190582482909905,-0.14633935572208975,-0.20940025088800104,-0.4596155658553982,0
0.47766577926122744,1.084440349194741,-0.0763823055482261,0.6306261639693335,1.0291757746101498,0
-0.09183585510538464,0.9530977896908889,0.5585606381892827,-0.09496504553560688,0.9013149174235024,0
-1.009672452072846,0.48839551944982035,1.0565618606475269,-0.9570090883928442,0.3172319857044837,0
-1.1719932533954884,0.10846010249521132,0.8615144022007576,-0.0837258062016759,0.8494603779742638,0
0.05932632166396736,-0.4278823402381157,-0.5817255233874231,-0.031063211142076507,-1.4914501904577375,0
0.792928128048126,-0.6509827900692128,-0.8674488068802062,0.21131474194109393,-1.0398180415295715,0
0.07838842850849935,-0.9505622912490368,-0.8930174431106076,0.24766518383052322,-1.8513055226347823,0
-0.6414850403287675,1.0404067968479798,0.552575265790858,0.3718549590792018,0.22519486945767514,0
1.286245720893667,0.03401766494782741,-1.8372802226682645,1.1692090759186582,-2.1634914617039094,1
0.3710399387707677,0.03067836935871823,-0.11290966308392393,0.30549511066686025,0.5422829079608684,1
-0.9007166981200406,0.2130418196602701,0.19074041060201938,-1.1458073979229035,0.8965061700456165,0
0.49128860110451344,1.4384530640993893,-0.559049922632748,-0.14314336546577652,-1.397085297829591,1
0.4620080430517913,0.5072524993923444,-0.16019041419009364,-0.8712831730895113,-1.170164429129052,1
-0.9945879409039249,-0.45312586682120987,0.19074041060201938,-1.17561558557945,0.22519486945767514,1
3.060749241033526,-1.3806127507541108,-2.0469072963059936,1.1181155522892143,-0.2340296764667431,1
0.9291470244574445,0.8989751521573848,0.1854707267987022,0.025302571407645854,1.4856363920969486,0
0.4800308830450918,-0.26723336625004973,-0.7227046221607402,0.4068905206184164,-0.8115488224809602,1
0.2440303378191368,-1.214745828100742,-0.9394046000041518,0.3246956021945172,-1.631978942847399,0
-0.9846907584806895,0.8770512919884267,0.8346509869417023,-0.291376726499182,0.5795553953884489,1
1.4570050770670115,1.010492441023004,-1.2615185794576065,-0.1866661211789947,-2.169611866226596,1
-1.4803658683646148,-0.4411628056596201,1.7465766190823098,-1.561868919042569,0.990081258150893,1
-0.4122783722763402,-0.16410652843569923,0.5501640268617555,-0.6975389427378751,0.10081950531165386,0
-1.0108942851973721,-0.09881952846172318,1.5336748884804194,-2.2707471899525107,-0.06769199724409011,0
0.09524049805945764,0.877640791470155,-0.2961012874554378,0.12220284627593242,-0.6831994106491509,1
-2.402332083480537,-0.5150421395383633,1.7733494185811967,-2.078991763566806,-0.7177369598178697,0
1.3006371116698172,0.34332638221421524,-0.9377760310798038,0.21801534267112102,-0.797378875125371,1
-0.5423104485320005,-1.0779400877427503,-0.40530772103291257,-0.03946744979573869,-1.6158686993525526,0
0.0991861095204949,1.0010358823806194,0.6305780343289328,-0.611759714476315,0.8394907960213228,0
1.050716282312387,1.1005668304644411,-1.643924495186529,2.1053738493571834,-0.5831350904480719,1
-1.4286262582762166,0.22728651525745291,1.443192520053752,-0.9020178110684637,1.0039584783624398,1
-0.10172991011930475,-0.22025177596590625,0.6711325245416493,-0.7817689827393791,-0.36474131703458734,0
0.28977223971565363,-0.9297216303577596,-0.6666535534643876,0.1070161022193445,-1.1766901593544596,0
-0.9080191003805554,-0.16379779749487552,0.19074041060201938,-0.09496504553560688,-0.23717074367666438,0
1.6273923902600622,-0.04746230894581673,-1.4539055637111236,1.1518087329348827,-0.4843110639024209,1
-0.2695406061480402,-2.4258934676326156,-1.2325666862205151,0.4805550695856041,-2.6186877403274003,0
2.1876263751465843,0.8145379635557042,-1.7844791740631025,0.9293630281022924,-1.1837369819261856,1
-0.6550268463810897,-1.0992860590251872,1.328242674940227,-1.5461000112199532,0.9523113710632983,1
0.6003941342834277,-2.2857549557165457,0.19074041060201938,-0.04450737378123239,0.37287634017280114,1
-0.33971138939955225,2.001508744356624,-0.4829258934167991,1.0917063944678163,-0.5800744430758772,1
-0.5151397180196035,0.07312049172291128,0.988299103091937,-1.0025746787265748,0.7234281466427062,0
0.20554658762012656,0.34681235136885286,-0.5403830090853945,-0.09496504553560688,0.4067830887064323,1
-0.27929001801511805,0.010242931803348291,0.7301132962618244,-0.6762627474427155,0.7500928725202056,0
-0.2605590930205512,0.5748072557485756,0.6969893469420426,-0.7513128858717726,0.4806917259373413,0
-1.113411330509345,0.7760907861336745,1.248714242360426,-1.248677806989592,0.27354558341596735,0
1.5914500832331056,0.5200631174200793,-1.8432087496543703,1.6076067969736576,-1.0707211213600167,1
0.38769498517427636,0.7681496604550125,0.17696001847230372,0.4505857770496073,1.4270331743922955,0
-0.5576358359876005,-0.0599385413659295,0.3362655760033946,0.3027441173557309,0.6906587908741538,1
-0.10172991011930475,1.6710598007795407,0.08004182624960354,-0.2979906786119881,1.6666538546512668,0
-2.5865360274823685,0.09576590913010861,0.19074041060201938,-1.2195274678533148,-0.5797389002043808,0
-1.056345422239009,0.08040588823227832,0.19074041060201938,-0.8638157907500011,-0.23685044992175738,0
-2.210014293746745,0.3157691741434498,0.6709173842201961,0.5213764467482526,-0.10768972908448711,0
-0.0035164997725199436,-1.188380504068642,-0.6493332532345478,0.14595426914983564,-1.377082470197426,0
-0.0981418763297014,0.5115608096137046,0.36505738111498154,-0.14177345714273895,0.605321180779189,0
1.8612285057466265,2.0306355892351022,-1.8647272162743807,0.8809982518881009,-2.066422135049968,1
1.0161579364455693,1.3033657512877366,-0.17918279106080548,0.6753145308611329,1.405526996117614,0
0.20830204801103325,-1.885173630829146,-1.427620162394207,0.5663695131443544,-2.566717740144632,0
-1.0669824921153888,0.4638489223146034,0.19074041060201938,-1.3155287863848744,0.9303383167545232,0
-1.426132623292901,-0.017476950304830305,0.7219305891602505,-0.2655997546020437,-0.05979241623652502,0
-1.1489315097841155,-0.28031533241064316,0.19074041060201938,-1.064926852941844,0.5325487979501066,0
-0.5281196522766749,-1.280836413258023,0.5552439421919936,-0.6294707918512706,0.2651614165734894,0
-0.28097886607913114,0.7296738298519273,0.8825567462259996,-1.215580718372383,0.3046028353358889,0
-0.7387753705450766,0.7609396803340968,0.49430693051579905,0.3439800468272309,0.8240790109484241,1
-2.748433471405095,-0.4244075201582459,0.8079546230560034,0.5267526285619624,-0.23105523585166446,0
0.1974334392805016,-2.1104306223784683,0.048512917654619306,0.0024141329600286523,0.7384754349930355,1
-0.2342571364466863,0.15657916768384902,-0.0659324349616423,0.9373293635837637,0.7980373431433831,1
0.14510034914892583,0.03950154622864857,0.260801069119371,-0.2552728371222859,0.5333781452507131,0
1.5522475746572704,1.21944623993721,-2.090298815619702,2.294702725482052,-0.9778937784177275,1
-0.10172991011930475,-2.7412987380035476,0.28831393715772724,0.15512251179123943,0.7084599666369675,0
0.6288696616895574,0.5097385959216811,-0.3591802870623353,1.0685115371206477,1.1298122537926862,0
-0.8293759710315235,-0.49844218665181383,0.44113725887072913,-0.539455274262528,-0.4163459487262681,0
1.0557154183519344,-0.7214160873281522,-0.7970011823392235,0.1586416601905398,-0.5962154657113196,0
0.5876255158184892,-0.8020508719505075,-0.2897391662633608,0.2719901966787707,0.41176709613389134,1
-0.10172991011930475,1.0090836785184554,-2.5649652267338467,2.372668056657576,-0.9878475207848321,1
-1.8556440667330731,-0.7052637944947242,0.44272159286277696,0.6326439998328302,0.013926689498441223,0
-0.008735149970928365,-2.361108220151881,-1.3615729247220116,0.5960797959186142,-2.5183162602863134,0
1.240128425881769,1.0282220586236446,-1.9607625804994562,2.6732705337350215,-0.4405455372833972,1
-0.24385211630723577,-0.7197930664087117,-0.03375856597052952,-0.09496504553560688,0.6813083081319948,1
1.221998812741601,1.7461998452831426,0.2818952752085111,-0.21865345210591972,1.6151985267361109,1
1.3151141876665307,1.5809665241476567,-1.1185131078924218,0.3206729233054456,-1.3509961509422963,1
1.306520388361288,0.03401766494782741,0.49185233111176774,-0.7583667288104159,1.6118896113573702,0
-0.3054548587787438,-0.0921983309704325,0.19074041060201938,-0.5925555837499771,-0.17503670700082744,0
0.9393865936017703,-1.7296116360051923,-1.6033123542905203,0.6983453130107733,-2.0328440672625328,0
-0.10172991011930475,0.654437059609798,0.4783096993807112,-0.2899306815880118,0.7035705858481247,0
1.6453379441590554,1.871326598923515,-2.1717704936062283,2.4524391605229607,-0.9894179070702628,0
-0.42976319693778137,0.19601154225854248,0.5744560978928255,-0.2855546512912489,0.22519486945767514,1
2.415978461699353,0.8405701204592811,-1.9316441022406738,1.4356848135634288,-0.630980053059271,1
-1.0281811534887382,-0.6523081395358368,-0.12629798063475844,-0.22871210044776533,-1.7562586672438534,0
1.3822605161344106,1.7520518652093906,-2.0779946820952935,2.4225350252952746,-1.062696573039333,1
-0.34206628205748646,-0.14223014303519624,0.19074041060201938,0.4782251383854375,0.7452090725137334,1
-0.10556587256323888,-1.9569034882249188,0.9494653647793483,-1.6731468986231532,0.53716319366484,1
0.7988242162675817,0.8558300730819587,-0.8738585764524938,1.5556168599109625,0.523677086893009,1
-0.4321757409991246,1.3998853686634416,0.386030492022065,0.48191863066921864,0.966152749508631,0
0.5483680679497007,-0.5375484456602563,-0.8298169837069903,0.13522800070570962,-1.3487818996445895,0
-1.5679499724030583,0.026684892307648176,0.6110804450189931,-0.04332198657878873,-0.23527793585053605,0
0.06291926747333909,-1.127163426305375,-0.9401343933621817,0.26735635105906264,-1.9412091544443073,0
-1.070493694977018,0.33101774119311694,0.9328861027674804,-0.6018425487467227,0.41866391312172746,0
0.5221732198717423,-0.8780319260938956,-0.4042553330606758,0.3882978113315608,0.19247763962073233,1
-0.7121131842478782,-0.6930965344587513,0.19074041060201938,-0.5879889383385998,-0.4714929969582054,0
-0.29111379306881885,-0.2710828653478035,0.31211430194382656,0.08114944892771438,0.67292466916028,1
-0.3735913837338965,-0.47562322038029897,-0.2029484986255743,-0.1513569024620849,-1.1192360092305067,0
-2.4307668813081422,-0.48879383721801783,0.8242183905011303,0.20540910299777596,-0.2393317793903711,0
-1.73417739287168,-0.01866193131988048,1.0560311055259999,-0.9023399113540171,-0.3762478300424869,0
0.08242440420718636,1.2598826868312063,-0.8617288052060672,1.991759736753573,0.2371288330700462,1
0.32709505867584654,0.03367101658778528,-0.5270168875078124,-0.03434301310383827,-1.1101559776667138,0
-0.23506546344707135,0.9671180457696877,1.035317478569256,-1.5209836552404818,0.31941230349150973,0
-0.6847652502032047,2.0368467343406196,-0.36534687821619916,0.25756011120334416,-1.8100921774803607,1
-0.10172991011930475,0.7619995198626013,0.7970504919112322,-0.8390515076136068,0.5084316029497615,0
-0.9633147053166682,0.34868874722710796,0.9628779701956642,-0.7443270973662339,0.4297149141955473,0
-1.8329984838274376,0.10646857060205435,1.303778492642761,-1.3015385012044163,-0.38023769003749236,0
-0.011688784579696394,1.8607521967745195,-0.9730243971788609,-0.09496504553560688,-0.7113749777045083,1
-1.7912504581383177,0.08694137400818519,1.8046587918232118,-1.4773548525637483,0.8062256992819169,0
-2.874885403302188,0.009849399128440834,1.1807813169389063,-0.376822596136317,-0.6671595653072807,0
0.1953395904817086,0.4945568243543672,0.14386519031035377,-0.09496504553560688,-0.7303093064507019,1
-0.36157574240054885,1.0079410071230388,0.6867173410210451,-0.30581105342761156,0.8665024945709238,0
-0.1705033857415347,-1.3589690783643729,0.3114629364443728,-0.26938612084010305,0.5237883041854468,1
-0.6155160521832915,-1.5129113920677373,1.1285164587189813,-1.4067993372600527,0.7132266087789162,1
-0.44578539848757537,-0.7436345966822855,0.11218459055512689,0.42530179020132125,0.49419837537320027,1
-1.1111706015977263,0.05828417012595913,1.4721742997608886,-1.4112939165197997,0.7918261923490826,1
0.05856740369137857,-1.1911943045340114,0.8575161271551408,-1.146574357116978,1.0646905707506231,1
1.4595256405256554,0.46985620236815795,-1.7870781037193983,1.5213794243923329,-1.1814493195826692,1
0.9363559107866632,0.26268904406981436,-0.9917526246382861,1.4249248019519933,0.28716450753732564,1
-0.16454387306826646,-1.0142826482045242,0.2908505226549832,-0.024121013613659172,0.7493456623322068,1
-0.6158536732205159,0.4510140966088679,1.6602290554049233,-1.4189393709669955,1.8133772480091739,0
-0.08331634624864323,0.03101758077591659,0.19015293940949263,-0.471017807999678,-0.22310835792640926,0
-0.10172991011930475,0.7847614567257207,-1.5334891979281906,1.5266116603011037,-0.22992407607860627,1
-2.176067327003307,0.0702269746211161,0.8598042970877059,0.1934555602192719,0.04529845655780129,0
-0.883346951644636,-0.4098268350187178,0.5140102166161669,-0.6586662090006595,-0.4583532170672935,0
1.307731483630863,0.6012928320373613,-0.41381309717739073,-0.09496504553560688,2.0972405623556165,0
-0.8716575842744897,0.4534216972956558,0.713681556131593,-0.3138463103118496,0.42404580052638924,1
1.2171359983486134,1.077675942653287,-1.5414229470563834,1.3655101192539114,-1.11213854166546,1
0.9809781502707422,1.4444795691256744,-1.1575882452126334,1.2319296731639937,-0.5841036365583253,1
0.6201006152732267,0.03401766494782741,-1.0340290268276215,1.6523952789669263,-0.0663466585741584,1
0.10024833334164852,-0.05549113653523412,-0.02444574270232342,-0.29913387091395893,-0.3453820774234214,0
-0.10172991011930475,-0.6309386843500763,0.17820779037779053,-0.4458992748157313,-0.46170547587944544,0
-0.3015813431150756,0.9394363447826541,0.4862913008161435,-0.09496504553560688,0.8451369894328157,0
-0.2040968520089973,-2.534480333130907,0.8654792852172868,-1.2499021237388301,0.8689966126352788,1
0.05634544427746892,-2.0650700341810806,0.9989660089730209,-1.712821268322783,0.8285978622586612,1
0.2806203918081007,0.7338105813223001,-0.5805453647588827,0.8860597562358623,0.22519486945767514,1
1.7703886167122602,0.03401766494782741,-1.435860767362229,1.980539726603158,0.7837513033184439,1
-0.494108065877303,-0.6331682644898713,0.5053092461369225,-0.6150201557189844,0.07547125542611723,0
-0.00757550622511829,1.0165775987563437,0.19074041060201938,-0.35680573716203023,0.9868697378827498,0
-1.0613326852034415,-0.37445718255141597,1.3150012817345438,-1.1585358971769693,0.8399348293898505,1
0.18253285564274443,-0.824108777058882,0.07732527201712845,-0.3747985822639384,0.06113207508099413,0
-0.24033100855683973,-1.7512264445088168,0.6638739970992309,-0.7242471435906511,0.8550182907652609,1
1.9955003808947496,-1.0934828095012858,-2.1106711825308064,1.8098995149613646,-0.7708807552103495,1
-0.7269772308257707,0.03401766494782741,0.5207594349561864,-0.6471627544568219,-0.17440270957789888,0
-0.2627787134186795,-0.6933425798730988,0.2357127031228917,-0.16270181989151714,0.2371318593481911,1
0.2695739839169693,-0.49764561719236305,-0.07486211409427904,0.24658038650662248,0.5383032092284391,1
-0.8063775528949564,-0.2875138830801065,1.9406378180354613,-1.5133480781499744,2.357190835660371,0
-0.053821809753122896,-1.0495879143230458,-0.30494659187534784,0.6775289625944391,0.21013238070351892,1
-0.3403343849864495,0.7122105840265598,0.27911113607545435,0.7738743147475317,1.2995198458200623,0
-0.6150760214715202,-2.746070329126343,-0.040056203530789584,-0.09496504553560688,-1.182241549118687,0
0.8669456262709792,1.6852311471839316,-0.635878898090723,2.0649103926117016,1.808262879465904,0
-1.1592207301208703,0.13925656664062963,1.4267038180959395,-1.2178616227131343,0.8605191528217112,1
-1.2336581046290074,-0.736383375963342,1.134882521220946,-1.0476399644263277,0.3569101623452489,0
-1.5028891188774158,0.7238506028251163,1.4428886254093245,-1.2358631451394912,0.37322051473238216,0
0.31835238365124907,0.017698897194275524,-0.5411397232239664,-0.00880288449988502,-1.1215518984221493,0
0.4113144560581023,0.5111433624135371,0.4476389188056542,-0.42093729620064047,1.0517368961785385,0
3.2343856557947355,1.7411574562465502,-2.7034051767932947,0.9165272411334618,-2.647948474025016,1
-0.9728097039807682,-0.5169100480805653,1.0652574763635563,-1.0749739976658688,0.39821243127669304,0
-0.015803890875263505,-0.27885823212377875,0.18553657124001702,-0.5092699306050984,-0.15449395945268438,0
-0.4232167758585581,-0.18160431409708774,0.5773371711399152,-0.15607233071326485,0.9050274041712565,1
0.4028976233750925,0.946494014740003,0.8831565210149802,-1.2657818153367306,1.006889062304919,0
0.14259507888432602,-1.7241008406466198,0.4265021302941263,-0.7637568368814796,0.5970256897271277,1
-1.414413193243172,-0.4274004758554685,0.7026503017393922,-0.1465406037555886,0.1350155876595132,0
-0.06965934128539873,-0.1287777948083732,0.21993496593382844,-0.4413228398334089,-0.05696665874997631,0
-0.18005547899772412,-0.480741659672187,0.2474428066654305,-0.1786362127839406,0.3081927488130594,1
-0.6881569201047492,-1.0131330200604334,0.13456224733079433,-0.3904183684127241,-0.7976528295363733,0
2.0148208593004475,1.105800692446976,-0.03220091079709946,-0.32553627211995895,1.6543933915012836,0
-0.6999929438922269,-0.276911854225231,0.6763983333811072,-0.8231143278656662,-0.044285111690665444,0
1.542499008598058,0.7113091767174801,-1.1794021958617924,0.39461788271880477,-0.9975652631918865,1
1.1184286636080933,0.36210781774245265,-1.1861042505078692,0.9162563976950869,-0.7431484585974867,1
1.8201654274047725,1.8850455004027982,0.067828837539722,0.26094242342963847,2.364667025046039,0
-0.29604005024938196,-0.5260014535274645,0.36076660033893393,-0.1229863606801216,0.5660715081510314,1
-1.2932702417489972,0.8617929750480513,2.301361135899512,-1.8547363777054742,2.106146746962267,0
0.26145879041419434,0.03401766494782741,-0.8861753474231274,0.23064178224811813,0.22519486945767514,0
2.43302442606007,0.7321343568657995,-1.8792673898878656,0.4758068808129282,0.22519486945767514,1
-1.0096183371670062,0.9375951458851417,2.0472047691451034,-1.6293957029566692,2.03825252843879,0
-0.6475072079310722,-0.98944309968876,0.7376501212197951,-0.09496504553560688,0.8014307463754031,1
0.2596532304350959,-0.8955160435518973,0.2905786478138781,-0.5179174296636394,0.5540313800209953,1
1.1520732705103902,1.2621174877061774,-1.4943137028944804,1.4806649157056313,-0.9344646613457728,1
-0.4519360746876416,-1.109395950027148,0.5938909683698489,-0.6475805053561966,0.4065246078207745,0
0.29628453726942755,0.06623931681513617,0.28141550109656627,-0.08352043643835633,0.9982360798364784,0
-0.10172991011930475,-2.599668130224402,-1.723596854254549,0.8444679906136818,-2.203075671086086,0
0.21058218050376432,0.03401766494782741,0.5693422157968127,-0.9247488802096221,0.4423754519633657,0
-0.6800719201335078,0.03401766494782741,0.753875625683148,-0.5551723240640954,0.6935190419246854,1
-0.10172991011930475,-2.1639614569701515,-2.0815926156360525,0.9925598122566025,-2.500433703196577,0
-0.4429095355581214,0.6718647552220506,0.3907611817716936,0.15974750175331892,0.6529939950903974,1
-0.672235091730294,0.6364770786827473,1.1109462677645972,-1.0794048494164294,0.6716394660656972,0
-0.5809196566724006,-0.7375863613314333,0.27020241494729785,-0.4619454388688777,-0.4446465931321761,0
1.0182549135328998,1.634921701967423,-0.7471866755161594,0.29319340535324334,-0.7295982070913835,1
0.7632358339798293,0.03401766494782741,0.04719630838894799,0.5579806435673178,1.7354882681760622,0
0.7685648394632506,0.7984775223541668,-0.655594341379359,0.05566907166764075,-0.9519739945522715,1
2.6713906012609776,-0.04884226782160012,-2.2177948785272976,1.225002793661821,-1.2476943479596905,1
-0.8130734795531929,0.06973750594558639,0.7936337513276202,-0.8620702025090825,0.030412476132782917,0
0.20515008478047808,0.5123167324377403,0.7841752316518433,-0.9163073831403328,1.0548433449061911,0
-0.7019268048831668,0.4556106510126239,0.7791904194556852,-0.09496504553560688,0.37408266015884284,0
-0.5148185159852061,-1.5002539048218395,1.0050052857195984,-1.369215709147938,0.22519486945767514,1
-1.2146041715823874,1.3007449287539934,0.27033856764523634,0.8068439702296422,0.18664502358743246,1
-0.18364204584484828,-1.9835809448932005,-1.183638822346962,0.449474347078669,-2.5024621492117416,0
-0.6081133397067592,0.812011310620287,1.1217694503285633,-1.4273871910440805,0.27119725672570294,0
0.2821193220491729,-1.5710036080551355,-0.41961028408704626,0.566788114439493,0.2313624856757688,1
-0.691191050551172,-0.518569271610158,0.7626893697229672,-0.5922759890020249,0.5600868233137791,1
-0.2773254577364251,2.28350085577855,-0.2319267450403206,1.2522644423568525,0.3523095807886493,1
-0.2907664163447173,0.6778428407813994,0.754797963236904,-0.6836726722347246,0.6780951495642321,0
-0.40068287439870476,-0.10401892296371432,0.6731967431751923,-0.1466205137136837,1.1939854183346963,1
-0.4150016079588627,-1.1262933529699701,1.0397263523878908,-1.1120677928944895,1.0415936179587912,1
-0.10172991011930475,-0.28555635760021003,0.15785173530233404,0.6891230308056192,0.841940094481166,1
-0.3346554901229844,-0.35215688831710185,0.26642349701161266,-0.48359309054677563,-0.2610140510830736,0
-0.10473845285541471,-0.5242426436641637,0.12810218997504996,-0.10936442495842875,0.17187361057670675,1
0.11193456964422845,-0.5781239184147215,0.11430467873109175,0.6564141561898759,1.444941706799702,1
-1.3539438397102175,0.3512063629347313,2.191010963811949,-1.711257506988211,2.0165803943001097,0
-1.189397711506607,-0.7077850235685437,2.4561952456713545,-0.09496504553560688,0.22519486945767514,1
-0.12736503900503537,-0.9741857852710923,-0.2907342163832685,-0.10111583895564881,-0.9142347366598846,0
-1.2402196621287565,-0.06796669980118614,0.8754428059545456,-0.4959100395124285,0.2748743016743209,0
-0.6986294189411008,-2.225091530498047,0.9745756210632605,-0.09496504553560688,0.8080554138914314,1
-1.023610599943935,0.7843510780712786,1.044610026530045,-1.0702600463017684,0.06187848238435232,0
-1.4784844648592026,-0.44240040381324086,0.8836783176739411,-0.6941804045983415,-0.18937059550711186,0
-1.8273648514948535,0.02697392066847552,1.1821794036284496,-1.2359937480065186,-0.6038039454149121,0
0.5013311869995785,0.7254665370726658,0.18231533525399762,0.09592062108137797,1.0988186139374938,0
-0.5907134507788403,1.7929991765986104,-0.7597580178166643,2.181948856686141,-0.1102952059747776,1
-1.313184007346536,-1.3771094290222459,1.7796582354949504,-1.961997631364811,0.894279465093281,1
-0.1818610770841154,-0.2014091799726713,-0.25072409860697115,-0.1657939146224064,-1.0914516530077436,0
-0.580386352474767,-0.9526781318991232,1.52539590169657,-1.7741486586683486,1.244226828935437,1
0.30387066852377387,0.007343648426694786,-0.5181826534218885,-0.026213954550945242,-1.0976461926372136,0
1.2800884536211334,0.43720282960835666,0.19074041060201938,3.222852139108744,0.989390552072443,1
-1.168916524572108,0.3704272921489723,1.1950434066761637,-1.460928846759036,-0.09781877196558711,0
0.13715638514930079,-1.0595423554038241,-0.3726895596679232,-0.09496504553560688,-0.8442828580244187,0
-0.14086817288382134,-1.6396827674131282,-0.8457130464233328,0.2393576505382726,-1.8718022635364981,0
1.813977699934725,0.6651963611002947,-1.311711639301166,1.087407685664213,-0.08595573729181852,1
-0.4948974970618393,-1.1178582350829511,-0.47330973005392757,0.021159918570846956,-1.656716251613268,0
-1.1494043568730548,0.5113778040999443,0.9621889740391675,-0.5005276784239916,0.5129619217871495,0
-0.32453206485695824,0.10962627306001124,-0.17801116130161845,1.003228382778805,0.48225211565826465,1
0.1923211222066447,-0.6361894764063479,-0.3029303090134835,-0.15962872383306684,-0.7091667881426517,1
-0.636248883202876,-0.008582679972990509,1.3216588056096714,-2.2844360148207183,-0.2416069812437424,0
-0.02557304972742979,-1.199620200276899,-0.23921240832562696,-0.1717822697431268,-0.7101342337938512,0
0.34442629675385544,-0.9847566719772222,-0.5597315393892309,0.04840787849958248,-0.8893924150024209,0
1.1800477994031764,0.13407364612047365,-1.1771179331095487,0.24274194767456853,-1.5260421418362504,1
-1.1160238175282498,-0.5753009317373272,1.6217725788907287,-2.7250820201324664,-0.4877805098219086,0
-0.3370204811039802,-1.4122427753621305,-0.22937388023373084,-0.1649941466132803,-1.0043875310880839,0
-0.5594431116437558,-0.8536510827242219,0.6760676201096142,-0.5014757903595529,0.6601877178400521,1
0.614896671618247,0.6389598444863978,0.19074041060201938,0.016704019272630218,-1.2727137819144432,1
2.2795573973725896,0.9263449509134966,-2.693840756468086,2.77097178890474,-1.0738622441724657,1
-2.2355777726911246,-0.4229762246396064,1.1488192629705447,-0.6846604476770625,-0.34573162899156307,0
0.27619191208620814,-0.7066921556038216,0.3965975754466805,-0.606362201574248,0.7107398379661652,1
1.8198617036361133,-0.7640931330781398,-1.4739845821999957,1.0829630512803992,-0.2817560286610225,1
-0.36477544710742693,1.2796311295050178,-0.8350829557895555,2.3959306557377915,0.3311594175437799,1
-0.25958007986576614,-1.1779048276207584,-0.2228789591962888,-0.19166935088005027,-0.9723684642481244,0
1.099371022759738,-0.7628617728766502,-1.3523158526381085,0.826372238810391,-1.1487736557234784,1
-1.7547074600214554,-0.005003865519865623,0.6560578604993016,-0.09496504553560688,0.17083099774008778,0
1.6447895506370993,0.30727759873396415,-1.8512412900074555,1.375430179305867,-1.3099390219136886,1
0.20310734155770518,0.9842561339768974,-0.024818788622827114,1.0211015720225485,1.3973961005975009,0
1.4645045401285504,-0.03160923288329591,-1.328224985381537,0.37442102870705884,-1.3962630793748896,1
-0.388182267930108,0.28400287369172705,0.3964437598605165,0.21268972788991683,0.8728833114239032,1
0.14655355435545975,-1.3769770131577606,-0.4881311229422926,1.007047331531008,0.45103290070261165,1
1.3082069170606576,-0.06872354121927492,-1.1907345714020103,1.0182627726669802,-0.3177223127441426,1
-0.49110442852050995,-1.4745195092591799,-0.21473346520980985,-0.15177000824173642,-1.1171423485726675,0
-0.10172991011930475,1.3521623072327862,-3.0595417828880573,2.8004676601424126,-2.084464153273903,1
-0.28279047900474297,0.03401766494782741,-0.8139863444643555,0.2227094677842705,-1.979551114911154,0
2.050260201262443,-0.698881738405585,-1.3327398289707524,0.3490842659831044,-0.6361376975768525,1
0.23416902490603508,-0.8280103238324857,0.09318306210203861,-0.1861744637513733,0.4238565124396384,1
-0.5417643998821089,-0.8875742990996298,0.8520441053098071,-0.8457924910332267,0.6993884882694669,1
1.8361209969476546,1.3593569103086807,-1.6473767280996805,0.6589334311519074,-1.6864510627304532,1
0.8401669068401865,1.7573794949197692,-0.9985259844209065,0.3558661473559964,-1.5648466617491847,1
0.12771280895364778,1.036835853338555,0.21506949939078587,0.2268534441596727,0.22519486945767514,0
0.05499809495163259,-1.2313978889039467,-0.5104028922461484,0.0067854241794985184,-1.1095478392794238,0
0.46605875745439757,-0.4237670270292355,-0.01813583270124953,0.18205503637859147,0.8247647980100729,1
0.3790716780523788,0.9043299807028565,-0.7209766771846982,0.5984735547941076,0.22519486945767514,1
-0.5968469966422131,-1.5444596998222548,0.19074041060201938,-0.18715492426105898,-0.9524765156155154,0
-0.10379267570276438,-0.7093402497073171,1.0815079363857383,-1.493441578831359,0.9300347641883403,1
-1.2232948554599252,-0.9859890701172921,0.6124927829469948,-0.6521900130215066,-0.4803110402471384,0
0.20391351439148217,-1.405893857277441,-0.5281049062520461,0.08452589492007392,-0.845892171679031,0
1.5103010960117211,1.2299712542368173,-0.06396324710260724,0.37594658856765073,1.90849343163089,0
-1.2734942002708374,-0.15773311985493924,1.4440322384996667,-2.0553775014061424,-0.31903132055256755,0
-1.1197041798017424,0.5134182391777702,0.8179503757865905,-0.2534216217725661,0.48949331451299655,1
-0.4738622331054091,-0.4491053393738771,0.3366408537771371,-0.3437105087215106,-0.024748005151292343,1
0.1202920485133151,-1.5361643343348312,-0.2549447989852153,-0.13651314373123152,-0.4745136034759222,0
-0.3938013187108392,-0.4584997905261394,0.19074041060201938,-0.536340756227246,-0.24483248492292597,0
1.1206816482489725,2.498649168226137,-2.678567776900381,2.979142746382745,-2.3882981410127173,1
2.929826890632848,0.1731785579886797,-2.43292997659103,-0.09496504553560688,-0.34059943179422536,1
0.9419142195928666,0.6106231531018664,0.19074041060201938,-0.024741333279908028,1.4870797411155914,0
-0.8268827845224412,0.5587424108055078,0.4675951216916567,0.07348228428928359,0.3125523851287342,0
2.7474355505965806,0.830875738755234,-2.459937505365504,2.091838415545715,-0.7911761292819623,1
-0.10172991011930475,-0.16819324872978011,1.079234432403404,-1.0309841310250987,0.7749692145913663,0
-0.3738279017788444,-0.6366406613981259,-0.1528849841389486,-0.21865693154585758,-1.0461171825992388,0
1.7480595577276998,0.8929548284052102,-1.7485902135107458,1.100033496739017,-1.3844590515975417,1
0.15684706901193343,-0.2524759467439739,-0.25767434249092835,-0.15145984912740804,-0.6824257939356619,0
-0.4529022981715368,-1.5574095213892964,-0.539699683225967,0.07974797074949756,-1.6328519108128894,0
-1.5538666304770887,0.07777006780044197,2.7265912080067314,-2.0803452463927132,2.7932505334980564,0
0.38654194658805135,-1.4319519427984497,0.19368769056966462,-0.2820731647541011,0.8533321695583567,1
1.286552952692383,0.09395918605440293,-1.3173035542430669,1.7103299352867314,0.22648941414663823,1
-0.5080392695517539,-1.0098321702625321,-0.4738463952017127,-0.03698744580263931,-1.7718897697036575,0
-0.5785156936624251,-0.8630961561726894,1.0874400775959576,-1.1184710021861193,0.9250505499897207,1
0.23648659310733694,0.3920218439974326,-0.7173939854448939,0.7306591781551351,-0.756729626067588,1
0.0797804580643916,-0.6159006678615673,0.08913711091947411,0.11360860093205775,0.6031705783115926,1
-0.785745270755926,0.20381267626579364,0.859388870858715,-0.4623249284553359,0.765692303455091,1
-1.125937646068599,0.2551211342125101,0.7688277282132765,-0.5189191127000476,0.029675472338613958,0
1.0932088398265984,0.03401766494782741,-1.6650085908721326,2.153233754090926,-0.6478039175859612,1
-0.5794273090627725,-1.3737312258136907,1.1668525181978304,-1.650800914807108,0.5035142344369583,1
1.7195562318927482,0.5693142971577312,-1.710697276552018,1.0450743030673215,-1.332952716043893,1
0.6677959479078854,1.7191718019467814,-1.0885014721164272,0.35861584065409513,-2.0046348562550333,1
1.3413824348797618,0.03401766494782741,-2.5113799257235163,1.2974832159110326,-3.219151025250258,0
-1.6581637808688567,0.12775671278934764,1.013573277495139,-0.6378885595121812,-0.06728873802280966,0
-0.36013858704328755,0.03401766494782741,0.4386920803590412,-0.597078068435628,-0.10529064136444113,0
-0.15278499072408502,-1.4204652942541478,0.6012347682172721,-0.825093216969252,0.5912585549197115,1
-0.10172991011930475,0.5621722345652648,0.2548828999823068,0.6889223200467932,1.0368500829810308,0
1.436977948657322,0.798130747918333,0.19074041060201938,0.3953644604072601,-0.47205569770863137,1
0.3920876332286678,0.03401766494782741,-0.28238549978388106,-0.1183328527802786,-0.4126355556678336,0
1.5632186130356476,0.3703158747534508,-1.3206176109532732,0.640644510182174,-0.9651824618109274,1
0.3706830106328139,1.4087837987747052,0.47633733577071113,-0.18803809722720308,1.2445761037387841,0
1.821286811427717,1.885812987000118,0.19074041060201938,1.8050602831343654,-1.5214687504715558,1
0.3394801005868799,-1.5538145098877036,-0.20158092700614988,0.2956837094364791,0.5238453200604551,1
0.01170305209339386,-0.9251845976658568,-0.802710488612431,0.25618139634891574,-1.6750497306121708,0
-0.5529955708664608,-0.9515943313357729,0.25118566469687104,0.4696305924136576,0.8456836163950396,1
-0.020273303721070886,0.5550137915011436,-0.34968376485308006,1.2011701800261385,0.5632631395299601,1
0.4294770932425876,1.0658661387303634,0.7537696261380995,-1.0886230651195388,0.9045478028148842,0
-0.5956539154079976,0.03401766494782741,0.5368324022331282,-0.09496504553560688,0.6358644034030811,1
1.2965188277668096,0.8287228062439713,-1.1809469911038024,1.0565250047989418,-0.408408101124707,1
-1.2015891752929297,-0.6234799463581309,1.1155827282314532,-1.0659557646845272,0.29716590911974616,0
-0.8777938190646364,0.5788917389089392,0.41652861430660393,0.38274566402718074,0.531294455010643,1
-0.5651010085522618,0.4289104794381137,0.34703689766328016,0.17462923094449698,0.4514419686354298,0
-0.4182000021672829,-0.23659036995435606,0.9289163109922869,-1.114424090779018,0.5759882831092142,1
1.3523204885090043,0.37010638716231337,-1.845279044585181,2.1369247489942835,-0.6095362496784862,1
-0.025972582427095423,-0.23143439784862313,-0.5643978176553797,0.012594330700960698,-1.519082974395807,0
-0.40474761791326624,-0.5925183004494416,-0.3968143968075838,-0.041039665475208036,-1.5167902217371092,0
-0.0019899521149272827,1.1534763255724303,0.6177210824831774,-0.7704809590893631,0.4415675450802568,0
-0.9717209424715724,-0.8907196929801269,0.6895967951970898,-0.7264738825857033,-0.08999995625761338,0
0.4321582472821199,1.0278673754466565,0.811851432433199,-1.247947954285143,0.85603208041247,0
-1.3894372755472248,-0.7931735791477615,2.1325367883983812,-2.6077316683806924,0.7888259438601867,1
-0.10172991011930475,-1.7756803435433437,1.004124210487815,-1.107621218667663,1.0129231522481972,1
-0.41794225916454447,-0.9811631762236145,0.5194489375651536,-0.37465203468329067,0.5929101104669782,1
-0.9367193245121328,0.3042053361816131,0.6353509239588685,-0.6100819332819155,-0.24624509930876143,0
-0.6889635260954298,0.43976348108958313,0.4766448481839561,-0.6420473107647542,-0.4564832098787948,0
0.5123346624577082,-0.36798401526861696,-0.581129212329585,0.027815065702285164,-0.8853131274548031,0
0.39287506882252793,-1.3954684969924445,-0.49294561195360753,0.7838035722750843,0.4267654665921908,1
-0.2803357195454475,-1.1215669683261191,0.2653771686198476,0.1125669357755579,0.748187345377876,1
-0.03318893173695513,-0.5161354107136588,0.11499974070831762,0.3228802377838373,0.8093034497602534,1
-0.860272414590026,-0.39260009718699024,0.9532442059609009,-0.5087636697639182,0.9754564425342487,1
-1.8549961594989273,-0.8484545193570423,1.2993401476476882,-0.5625679724216395,0.7569114329072025,1
-0.5290477210413959,-0.6793794324581237,0.1496386900059708,-0.45803435862632486,-0.7189326312155713,0
-0.2494091505881383,-0.29637371390693323,0.28757208889915153,0.12168775549518401,0.7145742123675015,1
0.6408390896343814,-0.3250561720024414,-0.6577285109291017,1.0855313897101935,0.4933579410876813,1
-1.194950617282187,-0.993380193016243,1.7953830018992833,-2.0685309600939936,0.8647088486777783,1
0.2377317116173087,1.8632404507327538,0.19074041060201938,1.679783797066731,-0.5318226976405476,1
0.16656657542903625,-1.771556383106339,-1.0702735182241128,0.3629222056088378,-1.9333582422615807,0
-0.10172991011930475,-0.26008767861046156,0.9205057538836455,-0.6477523797518513,0.05270093484115832,0
0.49526948121797776,1.6828009290433867,0.23320226590167809,0.5822418281036771,1.7290575978115614,0
-0.10172991011930475,0.7697833342766575,-0.8882100795459219,1.4734039662895138,0.3254118939910442,1
-0.10172991011930475,0.8103135459993038,0.2770657065873378,-0.7599051540447171,0.7508653907807639,0
-0.26127445498962193,-0.07910922080895491,0.3552301643783136,0.10762435463741311,0.829189686416878,1
-1.4306120717054231,-0.4982400681922714,0.8437522870475179,-0.7829942662830112,0.22519486945767514,0
-0.4114727444727827,0.2937061787119791,0.20069804723955786,0.6063329833398483,0.8444135767026442,0
0.14402302272079207,-1.0141438296593042,-0.10473031341428288,0.34540965295910936,0.22519486945767514,1
1.267194840540695,0.9981860565762417,-1.1989521768904947,0.6009782551080459,-1.1440393436646534,1
-1.525017650504336,-0.7458297280132827,1.397666583854348,-1.2292087548594712,0.48762558955760615,0
0.3691265650375605,0.9283468246388353,0.03903103087189011,0.8245660591199404,1.5097134692893328,0
-0.7275165109273488,-0.18520335395980425,1.317888049148191,-1.1512361904676744,1.2187901176243083,0
-1.6212101975627744,0.3539702882655998,0.7307992454774576,-0.09586546665886604,-0.09837919509515325,0
0.2810598918898216,0.7588682274584841,0.5218320515256609,-0.5072147687569297,0.9406679084155485,0
-0.5030383499507082,-1.0937686928382644,1.670042880960967,-2.04445347851362,1.3876061003848499,1
0.3466381639286502,0.7963306473450634,-0.7568949077747001,0.6712310196549578,-0.886563914908856,1
-0.28418894934243444,0.3233947787868476,0.7292132483822055,-0.8782594355434474,0.41152213296356815,0
-2.376286087020437,0.28742435903015895,0.7461901625093442,0.4847691972263549,-0.1424650481411091,0
-0.7895815752896258,-1.1713193854814061,1.4396806912872715,-1.6549749892826526,0.9630527300787421,1
-1.9420614924208144,-0.31050242022875574,1.196403981304091,-0.09496504553560688,-0.45686784448628065,0
0.3122471580430471,-0.17582182521312298,-0.5571614098578652,1.0536129776311434,0.3119830236793295,1
0.44063907806247504,-2.746070329126343,0.3998510589336652,-1.066892684063129,0.6869046348448512,1
1.0006121270149932,0.03401766494782741,-1.406118606865863,0.9316692811952383,-1.6892211146850606,1
0.0005130216229026082,0.8728571517705103,0.3105486830483073,0.4635228847148703,0.22519486945767514,0
-0.19652773369981275,-0.8491465885906742,0.16810630087058537,0.4246730569332448,0.9591720380838399,1
-0.10172991011930475,0.03401766494782741,0.9191865848945423,-0.9780774577489119,0.5256916433033647,1
-0.4652357196838478,-1.2500635683546568,0.053295471542943285,-0.3710268997423374,-0.6898805529623325,0
1.439949135898499,0.9480613432618551,-1.7668230964541838,1.2371291730021559,-1.6203412990232076,1
1.1930501231644564,1.416820397842521,-1.7880538569758009,2.2837135400069206,-0.6219495899527334,1
0.21092892663698543,0.26335709028696674,0.7197449404019959,-1.2558676617401863,0.46443090886525923,0
-0.9105650194902818,-0.17592673147150648,0.31277747698115194,-0.5541938039544055,-0.9404294917726411,0
0.2757963934719954,0.6361376957699673,0.7216428076454164,-1.2203360661815785,0.5299021839346982,0
0.3777557118670486,0.03401766494782741,-0.7872594908399813,1.236382196669116,-0.02372325634591872,1
1.5695076745626015,0.7990128344237235,-1.2055436089664051,0.04853793288827639,-1.5253267304565938,1
-0.5307511700351963,-1.3216710358071595,1.2563772780217393,-1.5295018712938684,0.9631382588157325,1
-0.017915012777628702,1.3342733266545328,-0.76492721938916,0.4369788582042688,-1.7521787666940472,1
-0.46899449640629054,-1.0357906586616834,-0.15681799420991965,-0.19350893238675929,-1.065460504577762,0
1.1449348571397,0.4882733517590966,-1.4503097417670898,1.4994405909389046,-0.6620221354172215,1
0.4664227345562728,2.726417223288779,-0.7722052684777699,0.37509495450303615,-1.566544238914205,1
-0.10172991011930475,0.3749036246811847,0.19074041060201938,1.4691608844360224,0.47959945960352257,1
-0.9138432380878676,0.9838682434398917,0.19044719289191683,0.949765573471205,0.5726463097024316,1
0.6888583901444428,-0.5357636269951204,-0.5159597764773052,0.8216734267686299,0.6151440628486634,1
2.712146438779711,2.2882990776317347,0.19074041060201938,2.415628466220776,-2.471049082966344,1
0.8729540195374768,-1.540390413143526,-0.6159691963933703,0.8152856245714347,0.723932620954932,1
-0.49318206963931505,-0.5915279607080616,1.0598301621896695,-1.0623934321593687,0.9793833880621334,1
-0.45299778534384094,0.6075658196921737,0.7666158980576093,-0.8619476457629556,0.2878263398972295,0
0.023744873137648347,-0.9623801303803018,0.266185098679158,-0.24000720738002745,0.5999666024152454,1
-0.6278496042383834,0.514243374547339,0.5824450688835244,-0.029932522210276587,0.7289192562076815,0
-0.10172991011930475,-1.0825330013404748,0.19074041060201938,-0.23902743699262213,-1.1957787362434356,0
-0.35876340015401714,-0.580585910378956,-0.22178379484197755,-0.15690461779809978,-1.1427384957008204,0
-0.3940971516874823,1.1724145738213692,0.9172829779446073,-0.671965555917064,0.9319008095791754,0
0.2982052403861991,0.7191246923662886,-0.51630450715259,0.7498289832876761,-0.16298733210520838,1
0.9159024119018131,-0.06913097427723856,-1.022011100421948,0.12810076825636668,-1.533491091530296,1
0.7829792382467071,1.5869638127050523,-1.2007235820793634,1.52796272838058,-0.5564878749794433,1
-0.8021920374113766,-1.7541696017332864,1.192531333957863,-1.3471861796868454,0.7919238683052979,1
-0.6739385595627553,-0.07452986879711916,0.9364304147965438,-0.7613507622780128,0.7489147153238496,1
0.416574794651112,0.6664466147835696,-0.7045030480364537,-0.09496504553560688,-0.43123218599529695,1
1.221928923493225,0.539900924911495,-1.3186724820631768,1.596580006705657,-0.08639143526244902,1
-0.012672261419941513,-0.27551356622633627,0.33463391639670137,-0.5339449725523021,0.22390032476871208,0
-0.15855134766447207,-1.591006501246809,-0.4145143776706982,-0.05023641539565844,-1.1138544752229842,0
2.243026752541108,1.9896606143684825,-0.18069712567524174,0.267342549972149,2.172430859200664,0
-0.37645428649983076,0.44005925117321726,-0.0013838284292918075,0.8820347228753054,0.6825231158878218,1
-1.1262466444479966,0.8017032600372538,0.7999798114792518,-0.8404817171162305,-0.4194388832833959,0
-2.199439354362322,-0.6365616979293464,1.3638735823790267,-1.3331208274301747,-0.5617269543143015,0
0.11879295082781105,-0.9711001612246857,-0.9639278227142747,0.3394667576647492,-1.869191143262118,0
-0.9315033733058664,0.6548822501235034,0.19074041060201938,-0.2462346877471707,0.46715615067076893,0
-1.1513792353024328,0.0054317083074258915,0.9830958694649544,-0.9520478360017893,0.03924214801950153,0
0.5226471440254843,-1.2639158899490663,-1.3693554209208332,0.5527402662956634,-2.162610640582884,0
-2.124092579861299,0.03401766494782741,1.3506914499735112,-1.3826107254171227,-0.6668200398070079,0
0.314955810026678,1.911773538022122,-0.9369404669730333,0.3611970223509419,-2.0351598250405356,1
-1.3478613155197237,0.1139138122748851,1.04873069458239,-0.6457553942584252,0.38693269390520546,0
0.8149335798298171,0.9059887310176158,-1.312060020056045,1.5523038015799564,-0.6725693872789158,1
-0.3008230238229221,-1.000935877983842,0.3856464862165247,-0.09496504553560688,0.15235546472849684,0
2.5171229785718743,-0.0953594614786372,-2.1755740874709253,1.2511648377133064,-1.2700803196649806,1
-0.10172991011930475,0.9105093679663071,-2.2354472405288504,3.217676178865051,0.33571923781814034,1
-0.10172991011930475,-0.4080705997847206,0.500057874505954,0.2688078625589406,0.03329798514229435,0
1.1063755108419466,0.5647231568312561,-1.260905114364295,1.922457619668959,0.3764966030197477,1
-1.7383324729931882,0.3138123558119759,1.3001849558850582,-1.4666169424835283,-0.5399063269937642,0
-0.5172441983630396,0.16345406546250701,1.2786615176263685,-1.1706372946535128,1.2721821186565818,0
-0.8206418297756842,-0.9039218397190419,1.2366349370637713,-1.3216301936444605,0.7782409773871501,1
-0.28442119738554444,-0.5732113323678502,0.24844551795872613,0.0059494296905905795,0.45598463851317234,1
2.3326535091059455,2.2190752388920183,0.19074041060201938,0.5742132853583081,2.4131271599104918,0
0.8675939776731544,0.9638320905448966,0.614691290651218,-1.1852701237400043,0.9257117081639709,0
-0.3201869336236317,1.0279214049756216,0.28295745015414914,-0.1449952098882857,0.023970890059343504,1
-0.27707053975112217,0.03401766494782741,0.19074041060201938,1.553670478202442,-0.19778064648818705,1
-0.4736002569803459,-0.26614724941314155,-0.04577611429475894,0.7791146072304925,0.22519486945767514,1
-0.06213813615155568,-0.5918241435463037,0.19991719950999437,-0.48613359298417724,-0.08371424318861262,0
-0.10172991011930475,-0.5374402503378637,0.19074041060201938,-0.8684338628234533,-0.08826994568949281,0
-0.09123246585362152,-0.476843778539868,-0.7032003051968522,0.14973769537879866,-1.7468551621281165,0
1.617653434588183,2.1541469268459617,-1.5427304484829714,1.071690446157167,-1.2315808271081468,1
-0.4521910930677488,0.05877914498896384,0.3565545415621857,-0.060899841514122914,0.3534237646679628,1
-0.15196613968211686,0.4446255751678705,-0.4781595065338589,1.2722407685382577,0.22519486945767514,1
0.4232834198207144,0.6032424409126218,0.6205740687293192,-1.1365707196624615,0.546807745598589,0
-0.34357626439367744,0.3810243374513833,0.19103362831212192,-0.48879818369069783,-0.6128946986916145,0
0.0950748230140352,-1.2503108775102192,0.19074041060201938,0.36603744729853316,-1.9418492146324866,0
-0.9079375533294196,0.12889143003562886,0.19074041060201938,0.3776327051796528,0.4442949670045818,0
0.5334370520029172,-0.7299712542678798,-0.9541824779881534,0.2590617632132953,-1.5049592294824952,0
-0.4476154502528936,-0.16964440820065935,0.24949459021959863,-0.4398240820780329,-0.4126767586434312,0
-0.1448824662130929,0.30576114539700855,1.5386266670166242,-1.3403515768216008,2.1680912884355155,0
1.3391957438047128,0.47789168262797177,-1.3893601839016843,1.2740009581727452,-0.5717296751493661,1
0.23665262213354016,-0.8498698495366819,-0.046981310848450496,-0.30311377926040833,-0.11360728831500364,0
